node_id,node_type,category,direct_or_derived,evidence_class
aminor,stored_series,equilibrium_shape,EQUILIBRIUM_DERIVED,LOCAL_LINEAGE_EVIDENCE
area,stored_series,equilibrium_shape,EQUILIBRIUM_DERIVED,LOCAL_LINEAGE_EVIDENCE
betan,stored_series,equilibrium_shape,EQUILIBRIUM_DERIVED,LOCAL_LINEAGE_EVIDENCE
bt,stored_series,magnetics,UNKNOWN,UNRESOLVED
cerqrott10,stored_series,cer_rotation_ti,DIAGNOSTIC_RECONSTRUCTION,LOCAL_LINEAGE_EVIDENCE
cerqrott11,stored_series,cer_rotation_ti,DIAGNOSTIC_RECONSTRUCTION,LOCAL_LINEAGE_EVIDENCE
cerqrott12,stored_series,cer_rotation_ti,DIAGNOSTIC_RECONSTRUCTION,LOCAL_LINEAGE_EVIDENCE
cerqrott13,stored_series,cer_rotation_ti,DIAGNOSTIC_RECONSTRUCTION,LOCAL_LINEAGE_EVIDENCE
cerqrott3,stored_series,cer_rotation_ti,DIAGNOSTIC_RECONSTRUCTION,LOCAL_LINEAGE_EVIDENCE
cerqrott6,stored_series,cer_rotation_ti,DIAGNOSTIC_RECONSTRUCTION,LOCAL_LINEAGE_EVIDENCE
cerqrott8,stored_series,cer_rotation_ti,DIAGNOSTIC_RECONSTRUCTION,LOCAL_LINEAGE_EVIDENCE
cerqtit10,stored_series,cer_rotation_ti,DIAGNOSTIC_RECONSTRUCTION,LOCAL_LINEAGE_EVIDENCE
cerqtit11,stored_series,cer_rotation_ti,DIAGNOSTIC_RECONSTRUCTION,LOCAL_LINEAGE_EVIDENCE
cerqtit12,stored_series,cer_rotation_ti,DIAGNOSTIC_RECONSTRUCTION,LOCAL_LINEAGE_EVIDENCE
cerqtit13,stored_series,cer_rotation_ti,DIAGNOSTIC_RECONSTRUCTION,LOCAL_LINEAGE_EVIDENCE
cerqtit3,stored_series,cer_rotation_ti,DIAGNOSTIC_RECONSTRUCTION,LOCAL_LINEAGE_EVIDENCE
cerqtit6,stored_series,cer_rotation_ti,DIAGNOSTIC_RECONSTRUCTION,LOCAL_LINEAGE_EVIDENCE
cerqtit8,stored_series,cer_rotation_ti,DIAGNOSTIC_RECONSTRUCTION,LOCAL_LINEAGE_EVIDENCE
density,stored_series,density,UNKNOWN,UNRESOLVED
drsep,stored_series,equilibrium_shape,EQUILIBRIUM_DERIVED,LOCAL_LINEAGE_EVIDENCE
ece1,stored_series,ece_te_profile,DIAGNOSTIC_RECONSTRUCTION,LOCAL_LINEAGE_EVIDENCE
ece10,stored_series,ece_te_profile,DIAGNOSTIC_RECONSTRUCTION,LOCAL_LINEAGE_EVIDENCE
ece11,stored_series,ece_te_profile,DIAGNOSTIC_RECONSTRUCTION,LOCAL_LINEAGE_EVIDENCE
ece12,stored_series,ece_te_profile,DIAGNOSTIC_RECONSTRUCTION,LOCAL_LINEAGE_EVIDENCE
ece13,stored_series,ece_te_profile,DIAGNOSTIC_RECONSTRUCTION,LOCAL_LINEAGE_EVIDENCE
ece14,stored_series,ece_te_profile,DIAGNOSTIC_RECONSTRUCTION,LOCAL_LINEAGE_EVIDENCE
ece15,stored_series,ece_te_profile,DIAGNOSTIC_RECONSTRUCTION,LOCAL_LINEAGE_EVIDENCE
ece16,stored_series,ece_te_profile,DIAGNOSTIC_RECONSTRUCTION,LOCAL_LINEAGE_EVIDENCE
ece17,stored_series,ece_te_profile,DIAGNOSTIC_RECONSTRUCTION,LOCAL_LINEAGE_EVIDENCE
ece18,stored_series,ece_te_profile,DIAGNOSTIC_RECONSTRUCTION,LOCAL_LINEAGE_EVIDENCE
ece19,stored_series,ece_te_profile,DIAGNOSTIC_RECONSTRUCTION,LOCAL_LINEAGE_EVIDENCE
ece2,stored_series,ece_te_profile,DIAGNOSTIC_RECONSTRUCTION,LOCAL_LINEAGE_EVIDENCE
ece20,stored_series,ece_te_profile,DIAGNOSTIC_RECONSTRUCTION,LOCAL_LINEAGE_EVIDENCE
ece21,stored_series,ece_te_profile,DIAGNOSTIC_RECONSTRUCTION,LOCAL_LINEAGE_EVIDENCE
ece22,stored_series,ece_te_profile,DIAGNOSTIC_RECONSTRUCTION,LOCAL_LINEAGE_EVIDENCE
ece23,stored_series,ece_te_profile,DIAGNOSTIC_RECONSTRUCTION,LOCAL_LINEAGE_EVIDENCE
ece24,stored_series,ece_te_profile,DIAGNOSTIC_RECONSTRUCTION,LOCAL_LINEAGE_EVIDENCE
ece25,stored_series,ece_te_profile,DIAGNOSTIC_RECONSTRUCTION,LOCAL_LINEAGE_EVIDENCE
ece26,stored_series,ece_te_profile,DIAGNOSTIC_RECONSTRUCTION,LOCAL_LINEAGE_EVIDENCE
ece27,stored_series,ece_te_profile,DIAGNOSTIC_RECONSTRUCTION,LOCAL_LINEAGE_EVIDENCE
ece28,stored_series,ece_te_profile,DIAGNOSTIC_RECONSTRUCTION,LOCAL_LINEAGE_EVIDENCE
ece29,stored_series,ece_te_profile,DIAGNOSTIC_RECONSTRUCTION,LOCAL_LINEAGE_EVIDENCE
ece3,stored_series,ece_te_profile,DIAGNOSTIC_RECONSTRUCTION,LOCAL_LINEAGE_EVIDENCE
ece30,stored_series,ece_te_profile,DIAGNOSTIC_RECONSTRUCTION,LOCAL_LINEAGE_EVIDENCE
ece31,stored_series,ece_te_profile,DIAGNOSTIC_RECONSTRUCTION,LOCAL_LINEAGE_EVIDENCE
ece32,stored_series,ece_te_profile,DIAGNOSTIC_RECONSTRUCTION,LOCAL_LINEAGE_EVIDENCE
ece33,stored_series,ece_te_profile,DIAGNOSTIC_RECONSTRUCTION,LOCAL_LINEAGE_EVIDENCE
ece34,stored_series,ece_te_profile,DIAGNOSTIC_RECONSTRUCTION,LOCAL_LINEAGE_EVIDENCE
ece35,stored_series,ece_te_profile,DIAGNOSTIC_RECONSTRUCTION,LOCAL_LINEAGE_EVIDENCE
ece36,stored_series,ece_te_profile,DIAGNOSTIC_RECONSTRUCTION,LOCAL_LINEAGE_EVIDENCE
ece37,stored_series,ece_te_profile,DIAGNOSTIC_RECONSTRUCTION,LOCAL_LINEAGE_EVIDENCE
ece38,stored_series,ece_te_profile,DIAGNOSTIC_RECONSTRUCTION,LOCAL_LINEAGE_EVIDENCE
ece39,stored_series,ece_te_profile,DIAGNOSTIC_RECONSTRUCTION,LOCAL_LINEAGE_EVIDENCE
ece4,stored_series,ece_te_profile,DIAGNOSTIC_RECONSTRUCTION,LOCAL_LINEAGE_EVIDENCE
ece40,stored_series,ece_te_profile,DIAGNOSTIC_RECONSTRUCTION,LOCAL_LINEAGE_EVIDENCE
ece5,stored_series,ece_te_profile,DIAGNOSTIC_RECONSTRUCTION,LOCAL_LINEAGE_EVIDENCE
ece6,stored_series,ece_te_profile,DIAGNOSTIC_RECONSTRUCTION,LOCAL_LINEAGE_EVIDENCE
ece7,stored_series,ece_te_profile,DIAGNOSTIC_RECONSTRUCTION,LOCAL_LINEAGE_EVIDENCE
ece8,stored_series,ece_te_profile,DIAGNOSTIC_RECONSTRUCTION,LOCAL_LINEAGE_EVIDENCE
ece9,stored_series,ece_te_profile,DIAGNOSTIC_RECONSTRUCTION,LOCAL_LINEAGE_EVIDENCE
fs03da,stored_series,filterscope_dalpha,UNKNOWN,UNRESOLVED
fs04,stored_series,filterscope_dalpha,UNKNOWN,UNRESOLVED
fs04da,stored_series,filterscope_dalpha,UNKNOWN,UNRESOLVED
fs05da,stored_series,filterscope_dalpha,UNKNOWN,UNRESOLVED
gasa,stored_series,gas_injection,UNKNOWN,UNRESOLVED
gasb,stored_series,gas_injection,UNKNOWN,UNRESOLVED
gasc,stored_series,gas_injection,UNKNOWN,UNRESOLVED
gasd,stored_series,gas_injection,UNKNOWN,UNRESOLVED
ip,stored_series,magnetics,UNKNOWN,UNRESOLVED
kappa,stored_series,equilibrium_shape,EQUILIBRIUM_DERIVED,LOCAL_LINEAGE_EVIDENCE
li,stored_series,equilibrium_shape,EQUILIBRIUM_DERIVED,LOCAL_LINEAGE_EVIDENCE
pcbcoil,stored_series,magnetics,UNKNOWN,UNRESOLVED
pcdiamag3,stored_series,magnetics,UNKNOWN,UNRESOLVED
pinj,stored_series,neutral_beams,UNKNOWN,UNRESOLVED
pinj_15l,stored_series,neutral_beams,UNKNOWN,UNRESOLVED
pinj_15r,stored_series,neutral_beams,UNKNOWN,UNRESOLVED
pinj_21l,stored_series,neutral_beams,UNKNOWN,UNRESOLVED
pinj_21r,stored_series,neutral_beams,UNKNOWN,UNRESOLVED
pinj_30l,stored_series,neutral_beams,UNKNOWN,UNRESOLVED
pinj_30r,stored_series,neutral_beams,UNKNOWN,UNRESOLVED
pinj_33l,stored_series,neutral_beams,UNKNOWN,UNRESOLVED
pinj_33r,stored_series,neutral_beams,UNKNOWN,UNRESOLVED
prmtan_neped,stored_series,density,UNKNOWN,UNRESOLVED
prmtan_teped,stored_series,density,UNKNOWN,UNRESOLVED
q95,stored_series,equilibrium_shape,EQUILIBRIUM_DERIVED,LOCAL_LINEAGE_EVIDENCE
rmaxis,stored_series,equilibrium_shape,EQUILIBRIUM_DERIVED,LOCAL_LINEAGE_EVIDENCE
rsurf,stored_series,equilibrium_shape,EQUILIBRIUM_DERIVED,LOCAL_LINEAGE_EVIDENCE
tinj,stored_series,neutral_beams,UNKNOWN,UNRESOLVED
tribot,stored_series,equilibrium_shape,EQUILIBRIUM_DERIVED,LOCAL_LINEAGE_EVIDENCE
tritop,stored_series,equilibrium_shape,EQUILIBRIUM_DERIVED,LOCAL_LINEAGE_EVIDENCE
volume,stored_series,equilibrium_shape,EQUILIBRIUM_DERIVED,LOCAL_LINEAGE_EVIDENCE
vsurf,stored_series,magnetics,UNKNOWN,UNRESOLVED
zcur,stored_series,equilibrium_shape,EQUILIBRIUM_DERIVED,LOCAL_LINEAGE_EVIDENCE
zmaxis,stored_series,equilibrium_shape,EQUILIBRIUM_DERIVED,LOCAL_LINEAGE_EVIDENCE
zsurf,stored_series,equilibrium_shape,EQUILIBRIUM_DERIVED,LOCAL_LINEAGE_EVIDENCE
upstream_resample,preprocessing_operation,pipeline,N/A,LOCAL_LINEAGE_EVIDENCE
provider_clean,preprocessing_operation,pipeline,N/A,LOCAL_LINEAGE_EVIDENCE
common_grid,preprocessing_operation,pipeline,N/A,LOCAL_LINEAGE_EVIDENCE
block_average_or_interp,preprocessing_operation,pipeline,N/A,LOCAL_LINEAGE_EVIDENCE
equilibrium_reconstruction,equilibrium_reconstruction,equilibrium_shape,N/A,UNRESOLVED
