target,shot_id,rrv,n_grid_samples,grid_dt_ms
bt,160715,0.0026546616117192998,215,20.0
bt,160720,0.0025261649053888056,215,20.0
bt,161138,0.001640061366353078,188,20.0
bt,165022,0.002137187300602308,214,20.0
bt,165028,0.0020290191926443345,215,20.0
bt,165042,0.0020311974465324766,214,20.0
bt,165861,0.0023790238704120823,215,20.0
bt,170396,0.0027938122591004686,230,20.0
bt,187017,0.00408510608319983,250,20.0
bt,187020,0.0037222257188487293,257,20.0
bt,187024,0.0036291231852320924,257,20.0
bt,189647,0.004154512598214991,218,20.0
bt,189651,0.0038306402748632057,218,20.0
bt,195264,0.004746088243068157,264,20.0
bt,195267,0.0036975423246038523,268,20.0
bt,195273,0.0036445898673183675,268,20.0
bt,195638,0.004542886025869672,238,20.0
bt,195647,0.004934950971940109,238,20.0
bt,195650,0.005187276663825762,238,20.0
bt,195655,0.004460362650189836,239,20.0
ip,160715,0.004250521823778595,215,20.0
ip,160720,0.0062056898604647345,215,20.0
ip,161138,0.005639296121563217,188,20.0
ip,165022,0.003175200980331406,214,20.0
ip,165028,0.004445150372031918,215,20.0
ip,165042,0.004152786275453374,214,20.0
ip,165861,0.002998875979428771,215,20.0
ip,170396,0.0054327817906840116,230,20.0
ip,187017,0.002421782933907965,250,20.0
ip,187020,0.0052178635204027735,257,20.0
ip,187024,0.004609719071121771,257,20.0
ip,189647,0.003484048843596426,218,20.0
ip,189651,0.003415410433374103,218,20.0
ip,195264,0.00474580474198487,264,20.0
ip,195267,0.0029431255543984646,268,20.0
ip,195273,0.002873899169641206,268,20.0
ip,195638,0.005462441981734041,238,20.0
ip,195647,0.0038627144599755613,238,20.0
ip,195650,0.004086746922569627,238,20.0
ip,195655,0.005522916003813128,239,20.0
vsurf,160715,0.12467777873584208,215,20.0
vsurf,160720,0.26964547295701186,215,20.0
vsurf,161138,0.31446944687253164,188,20.0
vsurf,165022,0.14620947780861762,214,20.0
vsurf,165028,0.28194630364064144,215,20.0
vsurf,165042,0.12440519406230646,214,20.0
vsurf,165861,0.12345624733562864,215,20.0
vsurf,170396,0.11818148140310557,230,20.0
vsurf,187017,0.1942200983948967,250,20.0
vsurf,187020,0.3610323426119194,257,20.0
vsurf,187024,0.27355068089496487,257,20.0
vsurf,189647,0.13753851170268114,218,20.0
vsurf,189651,0.16508264307431691,218,20.0
vsurf,195264,0.34687563604141247,264,20.0
vsurf,195267,0.3236946529363942,268,20.0
vsurf,195273,0.3410967941931523,268,20.0
vsurf,195638,0.22351656177859572,238,20.0
vsurf,195647,0.12629921482795323,238,20.0
vsurf,195650,0.13644638791480132,238,20.0
vsurf,195655,0.10565403444417105,239,20.0
density,160715,0.07814258422916555,215,20.0
density,160720,0.20154474124598254,215,20.0
density,161138,0.09087370172550016,188,20.0
density,165022,0.02869555910598538,214,20.0
density,165028,0.04065549476364648,215,20.0
density,165042,0.02883131621791463,214,20.0
density,165861,0.03553872772234783,215,20.0
density,170396,0.04950779517077882,230,20.0
density,187017,0.2403278116597206,250,20.0
density,187020,0.0962303358355916,257,20.0
density,187024,0.1004454913037253,257,20.0
density,189647,0.16567489543149064,218,20.0
density,189651,0.25703267929159046,218,20.0
density,195264,0.15643096261849912,264,20.0
density,195267,0.16782709130439769,268,20.0
density,195273,0.10787866289100448,268,20.0
density,195638,0.15769061338531196,238,20.0
density,195647,0.07394451344173791,238,20.0
density,195650,0.07573597592580412,238,20.0
density,195655,0.10229688068576592,239,20.0
prmtan_neped,160715,0.19781684099851227,215,20.0
prmtan_neped,160720,0.32523474922752643,215,20.0
prmtan_neped,161138,0.13669800173513844,188,20.0
prmtan_neped,165022,0.19773718573385182,214,20.0
prmtan_neped,165028,0.17630729578709564,215,20.0
prmtan_neped,165042,0.16106531897603113,214,20.0
prmtan_neped,165861,0.11780856555586443,215,20.0
prmtan_neped,170396,0.28803540811780076,230,20.0
prmtan_neped,187017,0.2632335725396776,250,20.0
prmtan_neped,187020,0.17299597915212764,257,20.0
prmtan_neped,187024,0.12178967818654954,257,20.0
prmtan_neped,189647,0.26112890479390694,218,20.0
prmtan_neped,189651,0.138800326910479,218,20.0
prmtan_neped,195264,0.19491798645610175,264,20.0
prmtan_neped,195267,0.26562257118832744,268,20.0
prmtan_neped,195273,0.2022062269009489,268,20.0
prmtan_neped,195638,0.1978319543830619,238,20.0
prmtan_neped,195647,0.11804490086655056,238,20.0
prmtan_neped,195650,0.14515137839667322,238,20.0
prmtan_neped,195655,0.18947524183523284,239,20.0
prmtan_teped,160715,0.3651572039890428,215,20.0
prmtan_teped,160720,0.4712580940773765,215,20.0
prmtan_teped,161138,0.21265964464021284,188,20.0
prmtan_teped,165022,0.2585373260674706,214,20.0
prmtan_teped,165028,0.27300025520573207,215,20.0
prmtan_teped,165042,0.21526169867849848,214,20.0
prmtan_teped,165861,0.18758996389017968,215,20.0
prmtan_teped,170396,0.35920429592746445,230,20.0
prmtan_teped,187017,0.3040642790522758,250,20.0
prmtan_teped,187020,0.2740472468301554,257,20.0
prmtan_teped,187024,0.22516439270225996,257,20.0
prmtan_teped,189647,0.23455907149722516,218,20.0
prmtan_teped,189651,0.30774612068919127,218,20.0
prmtan_teped,195264,0.3649810392040165,264,20.0
prmtan_teped,195267,0.5038463413923688,268,20.0
prmtan_teped,195273,0.47557351759048433,268,20.0
prmtan_teped,195638,0.34117750841686245,238,20.0
prmtan_teped,195647,0.25493141879814557,238,20.0
prmtan_teped,195650,0.3499052910673167,238,20.0
prmtan_teped,195655,0.4595335590394442,239,20.0
fs04,160715,0.2283535970022117,215,20.0
fs04,160720,0.3913000736579966,215,20.0
fs04,161138,0.2456157298213135,188,20.0
fs04,165022,0.27333469478871086,214,20.0
fs04,165028,0.3287320749290256,215,20.0
fs04,165042,0.23596824814600018,214,20.0
fs04,165861,0.32905471293779187,215,20.0
fs04,170396,0.24970757305378302,230,20.0
fs04,187017,0.6434528419523771,250,20.0
fs04,187020,0.4880399716691297,257,20.0
fs04,187024,0.48371947027462053,257,20.0
fs04,189647,0.30629777707489714,218,20.0
fs04,189651,0.19824912654972787,218,20.0
fs04,195264,0.4372740482161531,264,20.0
fs04,195267,0.42440836311493296,268,20.0
fs04,195273,0.3408655158072579,268,20.0
fs04,195638,0.3919435727864807,238,20.0
fs04,195647,0.41504618363322393,238,20.0
fs04,195650,0.3336895973444663,238,20.0
fs04,195655,0.18335267820805048,239,20.0
fs03da,160715,0.17931046808419432,215,20.0
fs03da,160720,0.24952341962111102,215,20.0
fs03da,161138,0.2948141083350317,188,20.0
fs03da,165022,0.2255070581829353,214,20.0
fs03da,165028,0.25656630864039526,215,20.0
fs03da,165042,0.21351744078217846,214,20.0
fs03da,165861,0.27794888865139955,215,20.0
fs03da,170396,0.19687723316169206,230,20.0
fs03da,187017,0.6158810019190989,250,20.0
fs03da,187020,0.45661343117339054,257,20.0
fs03da,187024,0.42567130415712545,257,20.0
fs03da,189647,0.3338553730921006,218,20.0
fs03da,189651,0.12951311998727066,218,20.0
fs03da,195264,0.0,264,20.0
fs03da,195267,0.4217693231114178,268,20.0
fs03da,195273,0.2838329512164271,268,20.0
fs03da,195638,0.20588631693451717,238,20.0
fs03da,195647,0.11734122341439422,238,20.0
fs03da,195650,0.18059574615616233,238,20.0
fs03da,195655,0.2227294767324732,239,20.0
fs04da,160715,0.2283535970022117,215,20.0
fs04da,160720,0.3913000736579966,215,20.0
fs04da,161138,0.2456157298213135,188,20.0
fs04da,165022,0.27333469478871086,214,20.0
fs04da,165028,0.3287320749290256,215,20.0
fs04da,165042,0.23596824814600018,214,20.0
fs04da,165861,0.32905471293779187,215,20.0
fs04da,170396,0.24970757305378302,230,20.0
fs04da,187017,0.6434528419523771,250,20.0
fs04da,187020,0.4880399716691297,257,20.0
fs04da,187024,0.48371947027462053,257,20.0
fs04da,189647,0.30629777707489714,218,20.0
fs04da,189651,0.19824912654972787,218,20.0
fs04da,195264,0.4372740482161531,264,20.0
fs04da,195267,0.42440836311493296,268,20.0
fs04da,195273,0.3408655158072579,268,20.0
fs04da,195638,0.3919435727864807,238,20.0
fs04da,195647,0.41504618363322393,238,20.0
fs04da,195650,0.3336895973444663,238,20.0
fs04da,195655,0.18335267820805048,239,20.0
fs05da,160715,0.5194479987643401,215,20.0
fs05da,160720,0.4509435107010714,215,20.0
fs05da,161138,0.33041454420718125,188,20.0
fs05da,165022,0.24893293235783012,214,20.0
fs05da,165028,0.37767171041898356,215,20.0
fs05da,165042,0.4580839254812244,214,20.0
fs05da,165861,0.7022042183262783,215,20.0
fs05da,170396,0.32850343603165255,230,20.0
fs05da,187017,0.640135604238402,250,20.0
fs05da,187020,0.5163907793904929,257,20.0
fs05da,187024,0.5152042183085315,257,20.0
fs05da,189647,0.469837192015802,218,20.0
fs05da,189651,0.2712520477987442,218,20.0
fs05da,195264,0.5220045584008706,264,20.0
fs05da,195267,0.40132969711825867,268,20.0
fs05da,195273,0.3650824310698686,268,20.0
fs05da,195638,0.5913011436839483,238,20.0
fs05da,195647,0.39585033743574705,238,20.0
fs05da,195650,0.5499450281373459,238,20.0
fs05da,195655,0.7721974295023035,239,20.0
ece1,160715,0.1732111357459069,215,20.0
ece1,160720,0.5997789133181135,215,20.0
ece1,161138,0.156198185448651,188,20.0
ece1,165022,0.12823061033568572,214,20.0
ece1,165028,0.30804036467185575,215,20.0
ece1,165042,0.1129961705072319,214,20.0
ece1,165861,0.12888633208935563,215,20.0
ece1,170396,0.27008245934502323,230,20.0
ece1,187017,0.4281782707198219,250,20.0
ece1,187020,0.3372621548708883,257,20.0
ece1,187024,0.267643982628775,257,20.0
ece1,189647,0.21802822113295173,218,20.0
ece1,189651,0.4142065744329127,218,20.0
ece1,195264,0.24362001788741852,264,20.0
ece1,195267,0.5550954461890766,268,20.0
ece1,195273,0.5395018573935367,268,20.0
ece1,195638,0.23837461000576718,238,20.0
ece1,195647,0.18943711730675958,238,20.0
ece1,195650,0.08674496209436243,238,20.0
ece1,195655,0.14334087993511255,239,20.0
ece2,160715,0.18392323657180235,215,20.0
ece2,160720,0.8548222112862051,215,20.0
ece2,161138,0.13382720883452348,188,20.0
ece2,165022,0.14239159137511143,214,20.0
ece2,165028,0.4074727081354304,215,20.0
ece2,165042,0.12317319903638077,214,20.0
ece2,165861,0.1627625821419849,215,20.0
ece2,170396,0.2864930945517094,230,20.0
ece2,187017,0.6451771296231,250,20.0
ece2,187020,0.5932955696268082,257,20.0
ece2,187024,0.5033501875419201,257,20.0
ece2,189647,0.2607800298620707,218,20.0
ece2,189651,0.4696696680577642,218,20.0
ece2,195264,0.21258191494925105,264,20.0
ece2,195267,0.5455746953764149,268,20.0
ece2,195273,0.5297711462435112,268,20.0
ece2,195638,0.14057334404303434,238,20.0
ece2,195647,0.13666900368823065,238,20.0
ece2,195650,0.19783734847788786,238,20.0
ece2,195655,0.08703082824749303,239,20.0
ece3,160715,0.16679608318920755,215,20.0
ece3,160720,0.8903433744019278,215,20.0
ece3,161138,0.1323007050906678,188,20.0
ece3,165022,0.15098304662429674,214,20.0
ece3,165028,0.6012627291329614,215,20.0
ece3,165042,0.12335649978900592,214,20.0
ece3,165861,0.18124616755229572,215,20.0
ece3,170396,0.2693866140244152,230,20.0
ece3,187017,0.7202354910984321,250,20.0
ece3,187020,0.3438364980965116,257,20.0
ece3,187024,0.22076083624890666,257,20.0
ece3,189647,0.2250995007970249,218,20.0
ece3,189651,0.47333470480885814,218,20.0
ece3,195264,0.24501026027053893,264,20.0
ece3,195267,0.5811291610143045,268,20.0
ece3,195273,0.5766160591001745,268,20.0
ece3,195638,0.16829353780954057,238,20.0
ece3,195647,0.11000136164018828,238,20.0
ece3,195650,0.23829080187566687,238,20.0
ece3,195655,0.0888144731879018,239,20.0
ece4,160715,0.1501500413512566,215,20.0
ece4,160720,0.8695401988045429,215,20.0
ece4,161138,0.15819769147443996,188,20.0
ece4,165022,0.15239007282567502,214,20.0
ece4,165028,0.5413214954258048,215,20.0
ece4,165042,0.1254188330600978,214,20.0
ece4,165861,0.13483797380660378,215,20.0
ece4,170396,0.294406095519655,230,20.0
ece4,187017,0.33721273684550024,250,20.0
ece4,187020,0.2740471185635301,257,20.0
ece4,187024,0.2083860061459897,257,20.0
ece4,189647,0.21591856083830452,218,20.0
ece4,189651,0.4528703185930346,218,20.0
ece4,195264,0.3220589884995414,264,20.0
ece4,195267,0.7204967431284295,268,20.0
ece4,195273,0.5967698382451649,268,20.0
ece4,195638,0.17063164143685688,238,20.0
ece4,195647,0.11571181852533989,238,20.0
ece4,195650,0.31416368695941954,238,20.0
ece4,195655,0.10302482046755335,239,20.0
ece5,160715,0.14379493469045848,215,20.0
ece5,160720,0.9426661005373052,215,20.0
ece5,161138,0.19183037590111265,188,20.0
ece5,165022,0.1388244359052446,214,20.0
ece5,165028,0.5025371493447688,215,20.0
ece5,165042,0.12996095767994922,214,20.0
ece5,165861,0.23306603201575116,215,20.0
ece5,170396,0.20888750793047953,230,20.0
ece5,187017,0.3588828613836206,250,20.0
ece5,187020,0.26532656665132814,257,20.0
ece5,187024,0.20573333054002116,257,20.0
ece5,189647,0.19859132424964165,218,20.0
ece5,189651,0.4189389395386643,218,20.0
ece5,195264,0.39338161698273466,264,20.0
ece5,195267,0.7512677254054625,268,20.0
ece5,195273,0.7114297856971289,268,20.0
ece5,195638,0.1527116131095949,238,20.0
ece5,195647,0.11014070000498252,238,20.0
ece5,195650,0.32008302635557,238,20.0
ece5,195655,0.11493222367108967,239,20.0
ece6,160715,0.15423404324419185,215,20.0
ece6,160720,0.9283553154610076,215,20.0
ece6,161138,0.17422731019428853,188,20.0
ece6,165022,0.11893006801553459,214,20.0
ece6,165028,0.6179323613322295,215,20.0
ece6,165042,0.11468851937312646,214,20.0
ece6,165861,0.3682137652424903,215,20.0
ece6,170396,0.23895538955681492,230,20.0
ece6,187017,0.337558189743651,250,20.0
ece6,187020,0.2648274768077104,257,20.0
ece6,187024,0.2005927827393908,257,20.0
ece6,189647,0.21730276314787103,218,20.0
ece6,189651,0.4886718332436043,218,20.0
ece6,195264,0.3658365923610137,264,20.0
ece6,195267,0.6926017510967198,268,20.0
ece6,195273,0.6873747931286964,268,20.0
ece6,195638,0.1592664540931831,238,20.0
ece6,195647,0.11375053700338987,238,20.0
ece6,195650,0.33039208385501745,238,20.0
ece6,195655,0.1349553831693431,239,20.0
ece7,160715,0.1215321211242084,215,20.0
ece7,160720,0.8678440127078471,215,20.0
ece7,161138,0.14695102304769686,188,20.0
ece7,165022,0.09199803605281706,214,20.0
ece7,165028,0.43445032329089384,215,20.0
ece7,165042,0.12111396737139171,214,20.0
ece7,165861,0.18133693407760407,215,20.0
ece7,170396,0.34370404220154904,230,20.0
ece7,187017,0.32329815821283137,250,20.0
ece7,187020,0.26503149161222955,257,20.0
ece7,187024,0.1947893405072589,257,20.0
ece7,189647,0.2424049929749624,218,20.0
ece7,189651,0.4644047047484213,218,20.0
ece7,195264,0.2888669239020508,264,20.0
ece7,195267,0.6748886470325847,268,20.0
ece7,195273,0.6360613226945061,268,20.0
ece7,195638,0.15980141710333276,238,20.0
ece7,195647,0.10209623820418037,238,20.0
ece7,195650,0.310240415037264,238,20.0
ece7,195655,0.1391797005952087,239,20.0
ece8,160715,0.11855451911969736,215,20.0
ece8,160720,0.8592091011693226,215,20.0
ece8,161138,0.100311094745665,188,20.0
ece8,165022,0.1080802028755874,214,20.0
ece8,165028,0.41330852135495094,215,20.0
ece8,165042,0.09952958924866424,214,20.0
ece8,165861,0.1935501255983971,215,20.0
ece8,170396,0.2471694707406399,230,20.0
ece8,187017,0.3284459773887144,250,20.0
ece8,187020,0.2684773297798575,257,20.0
ece8,187024,0.19242090866487885,257,20.0
ece8,189647,0.4948132175653283,218,20.0
ece8,189651,0.39382625562857776,218,20.0
ece8,195264,0.21388766280614635,264,20.0
ece8,195267,0.6004275739495307,268,20.0
ece8,195273,0.6381906952050505,268,20.0
ece8,195638,0.15826323535200879,238,20.0
ece8,195647,0.0888444567552541,238,20.0
ece8,195650,0.29198962848110177,238,20.0
ece8,195655,0.11430661427109533,239,20.0
ece9,160715,0.1458194756536068,215,20.0
ece9,160720,0.8212450803183203,215,20.0
ece9,161138,0.06856007744868613,188,20.0
ece9,165022,0.09314113532570475,214,20.0
ece9,165028,0.33118232111119267,215,20.0
ece9,165042,0.1058151770776106,214,20.0
ece9,165861,0.18530913856431716,215,20.0
ece9,170396,0.2236821329079163,230,20.0
ece9,187017,0.31366888460768705,250,20.0
ece9,187020,0.2680853034875566,257,20.0
ece9,187024,0.18892265923772478,257,20.0
ece9,189647,0.33234766585040415,218,20.0
ece9,189651,0.4018412980236152,218,20.0
ece9,195264,0.1952552642996232,264,20.0
ece9,195267,0.27998713904149003,268,20.0
ece9,195273,0.2700896458472288,268,20.0
ece9,195638,0.16265865963392775,238,20.0
ece9,195647,0.07856453004009763,238,20.0
ece9,195650,0.2729725418115454,238,20.0
ece9,195655,0.09661272360719862,239,20.0
ece10,160715,0.1595648836034927,215,20.0
ece10,160720,0.7816379294674338,215,20.0
ece10,161138,0.06626702490485635,188,20.0
ece10,165022,0.2185431725991352,214,20.0
ece10,165028,0.3259049549873961,215,20.0
ece10,165042,0.0975941818669817,214,20.0
ece10,165861,0.16504642795362603,215,20.0
ece10,170396,0.2339369856845504,230,20.0
ece10,187017,0.32054879495414423,250,20.0
ece10,187020,0.2620968793728006,257,20.0
ece10,187024,0.18903100861913644,257,20.0
ece10,189647,0.4631973689339499,218,20.0
ece10,189651,0.21612354743530754,218,20.0
ece10,195264,0.19680334902372343,264,20.0
ece10,195267,0.29716572883858,268,20.0
ece10,195273,0.2797614104983141,268,20.0
ece10,195638,0.13858341874832458,238,20.0
ece10,195647,0.08084881936291143,238,20.0
ece10,195650,0.24955803878263882,238,20.0
ece10,195655,0.09116949724911634,239,20.0
ece11,160715,0.16897999907550204,215,20.0
ece11,160720,0.7314980475806663,215,20.0
ece11,161138,0.13306667284971374,188,20.0
ece11,165022,0.32491555866881694,214,20.0
ece11,165028,0.354471315776004,215,20.0
ece11,165042,0.10129774893657953,214,20.0
ece11,165861,0.12599702673921412,215,20.0
ece11,170396,0.09500185253143129,230,20.0
ece11,187017,0.3378823768585464,250,20.0
ece11,187020,0.2658990759000727,257,20.0
ece11,187024,0.19723211742996635,257,20.0
ece11,189647,0.3891165655848615,218,20.0
ece11,189651,0.27148599000893503,218,20.0
ece11,195264,0.19085861458484318,264,20.0
ece11,195267,0.3690024349221207,268,20.0
ece11,195273,0.4124602007381229,268,20.0
ece11,195638,0.11155121507575026,238,20.0
ece11,195647,0.07620223015270217,238,20.0
ece11,195650,0.21974738203015567,238,20.0
ece11,195655,0.08712137222131969,239,20.0
ece12,160715,0.15616812518893397,215,20.0
ece12,160720,0.6603826673754856,215,20.0
ece12,161138,0.19475915747293304,188,20.0
ece12,165022,0.2655909608956734,214,20.0
ece12,165028,0.30376689166614146,215,20.0
ece12,165042,0.10089933568896778,214,20.0
ece12,165861,0.11843224278088947,215,20.0
ece12,170396,0.07324590434606248,230,20.0
ece12,187017,0.4180799531250169,250,20.0
ece12,187020,0.2653602640944184,257,20.0
ece12,187024,0.16190637956160836,257,20.0
ece12,189647,0.21517133871892363,218,20.0
ece12,189651,0.3046223749659387,218,20.0
ece12,195264,0.19960244407133132,264,20.0
ece12,195267,0.34349707147442293,268,20.0
ece12,195273,0.3881348599246205,268,20.0
ece12,195638,0.10688065705993788,238,20.0
ece12,195647,0.07138962211975339,238,20.0
ece12,195650,0.20577351313622247,238,20.0
ece12,195655,0.08090241011776092,239,20.0
ece13,160715,0.1435903556146458,215,20.0
ece13,160720,0.6377654187213049,215,20.0
ece13,161138,0.2324712404398561,188,20.0
ece13,165022,0.151950297404986,214,20.0
ece13,165028,0.2652263614805235,215,20.0
ece13,165042,0.10338167353491419,214,20.0
ece13,165861,0.09716933308687632,215,20.0
ece13,170396,0.06571962819639292,230,20.0
ece13,187017,0.4314871388437894,250,20.0
ece13,187020,0.25643967225863495,257,20.0
ece13,187024,0.15211562381703597,257,20.0
ece13,189647,0.22769445527849957,218,20.0
ece13,189651,0.31677410153221675,218,20.0
ece13,195264,0.15516070120979994,264,20.0
ece13,195267,0.3272935581073573,268,20.0
ece13,195273,0.3665576997026501,268,20.0
ece13,195638,0.10636593342743214,238,20.0
ece13,195647,0.06512696747599982,238,20.0
ece13,195650,0.19452967084170536,238,20.0
ece13,195655,0.0824304887790008,239,20.0
ece14,160715,0.12722411226096594,215,20.0
ece14,160720,0.5914346510857706,215,20.0
ece14,161138,0.2866391519342336,188,20.0
ece14,165022,0.17810172044477207,214,20.0
ece14,165028,0.2388483848276214,215,20.0
ece14,165042,0.09193489863483426,214,20.0
ece14,165861,0.0857137558002267,215,20.0
ece14,170396,0.054588058398795485,230,20.0
ece14,187017,0.5528756394014407,250,20.0
ece14,187020,0.2555148504983295,257,20.0
ece14,187024,0.15213096015007552,257,20.0
ece14,189647,0.22150950270109562,218,20.0
ece14,189651,0.3224087464837251,218,20.0
ece14,195264,0.13636375042736218,264,20.0
ece14,195267,0.2953303542030801,268,20.0
ece14,195273,0.3421571231542585,268,20.0
ece14,195638,0.10477052886517475,238,20.0
ece14,195647,0.06293512850386396,238,20.0
ece14,195650,0.1762768587528417,238,20.0
ece14,195655,0.08498421495603922,239,20.0
ece15,160715,0.12250322769123304,215,20.0
ece15,160720,0.5355180135948231,215,20.0
ece15,161138,0.6609383163597881,188,20.0
ece15,165022,0.13900593174135362,214,20.0
ece15,165028,0.238093847326896,215,20.0
ece15,165042,0.09187381130081129,214,20.0
ece15,165861,0.0782987512755824,215,20.0
ece15,170396,0.060029953801198556,230,20.0
ece15,187017,0.7606228439318484,250,20.0
ece15,187020,0.24012765385659537,257,20.0
ece15,187024,0.1381141046597437,257,20.0
ece15,189647,0.23955924555371763,218,20.0
ece15,189651,0.3227223921262683,218,20.0
ece15,195264,0.14962253985696095,264,20.0
ece15,195267,0.24187432435614561,268,20.0
ece15,195273,0.3071454485502978,268,20.0
ece15,195638,0.10314079581214844,238,20.0
ece15,195647,0.05968374256913542,238,20.0
ece15,195650,0.16371010571840217,238,20.0
ece15,195655,0.07718325987381415,239,20.0
ece16,160715,0.1320121319723887,215,20.0
ece16,160720,0.48930071274237374,215,20.0
ece16,161138,0.44278775619313343,188,20.0
ece16,165022,0.3317345314060722,214,20.0
ece16,165028,0.3001530250405264,215,20.0
ece16,165042,0.08996274703355563,214,20.0
ece16,165861,0.07792057723885726,215,20.0
ece16,170396,0.05515342492334852,230,20.0
ece16,187017,0.6903580209569204,250,20.0
ece16,187020,0.2169450376498834,257,20.0
ece16,187024,0.14041472605584382,257,20.0
ece16,189647,0.24348166588113104,218,20.0
ece16,189651,0.3120776283845751,218,20.0
ece16,195264,0.1524468830036303,264,20.0
ece16,195267,0.2339346412537761,268,20.0
ece16,195273,0.29016652666688,268,20.0
ece16,195638,0.14421838242582322,238,20.0
ece16,195647,0.05440298990568256,238,20.0
ece16,195650,0.14754563512721167,238,20.0
ece16,195655,0.13390422604197622,239,20.0
ece17,160715,0.13255410096196085,215,20.0
ece17,160720,0.5472225519927234,215,20.0
ece17,161138,0.5353093825341948,188,20.0
ece17,165022,0.27794423290064674,214,20.0
ece17,165028,0.30591102526441494,215,20.0
ece17,165042,0.09017123071478315,214,20.0
ece17,165861,0.07445262283293413,215,20.0
ece17,170396,0.05133051850631203,230,20.0
ece17,187017,0.7112592839253744,250,20.0
ece17,187020,0.2172826334670319,257,20.0
ece17,187024,0.14038940969896607,257,20.0
ece17,189647,0.2328513559961525,218,20.0
ece17,189651,0.32413817165375614,218,20.0
ece17,195264,0.15884221672646565,264,20.0
ece17,195267,0.2329569650127073,268,20.0
ece17,195273,0.30283029028684183,268,20.0
ece17,195638,0.13180222623313617,238,20.0
ece17,195647,0.05328251843856129,238,20.0
ece17,195650,0.15224822493280116,238,20.0
ece17,195655,0.11143835190755488,239,20.0
ece18,160715,0.13798847007379872,215,20.0
ece18,160720,0.5255949772985591,215,20.0
ece18,161138,0.29513042439030346,188,20.0
ece18,165022,0.2649643199247961,214,20.0
ece18,165028,0.2706361595102104,215,20.0
ece18,165042,0.08583777742534474,214,20.0
ece18,165861,0.07646052030355864,215,20.0
ece18,170396,0.04991866985235977,230,20.0
ece18,187017,0.6088571491952364,250,20.0
ece18,187020,0.20277022907545136,257,20.0
ece18,187024,0.1280771438774985,257,20.0
ece18,189647,0.24463298822526253,218,20.0
ece18,189651,0.3316037405844614,218,20.0
ece18,195264,0.15953777848636752,264,20.0
ece18,195267,0.2280667767272765,268,20.0
ece18,195273,0.2963691538608517,268,20.0
ece18,195638,0.162744135496989,238,20.0
ece18,195647,0.05641032802831277,238,20.0
ece18,195650,0.13834473581801593,238,20.0
ece18,195655,0.27820425298467444,239,20.0
ece19,160715,0.1322243588726975,215,20.0
ece19,160720,0.5044824605210311,215,20.0
ece19,161138,0.2138942248020678,188,20.0
ece19,165022,0.09921971916215776,214,20.0
ece19,165028,0.2098967680013302,215,20.0
ece19,165042,0.0827100713855518,214,20.0
ece19,165861,0.07612326739283544,215,20.0
ece19,170396,0.07094787192863637,230,20.0
ece19,187017,0.5714726270210966,250,20.0
ece19,187020,0.1795943862385409,257,20.0
ece19,187024,0.11174639111630225,257,20.0
ece19,189647,0.2594057925435868,218,20.0
ece19,189651,0.3483887298359191,218,20.0
ece19,195264,0.15451868930851795,264,20.0
ece19,195267,0.22389325651588818,268,20.0
ece19,195273,0.2933975700226027,268,20.0
ece19,195638,0.19485380242519112,238,20.0
ece19,195647,0.06559062304768301,238,20.0
ece19,195650,0.12911332963047473,238,20.0
ece19,195655,0.6122764945922468,239,20.0
ece20,160715,0.12731419658334506,215,20.0
ece20,160720,0.4743965333094471,215,20.0
ece20,161138,0.1469529353428931,188,20.0
ece20,165022,0.05410534005460979,214,20.0
ece20,165028,0.16572638038191648,215,20.0
ece20,165042,0.08268919166005423,214,20.0
ece20,165861,0.07590802732605238,215,20.0
ece20,170396,0.0749861544772742,230,20.0
ece20,187017,0.556472512489046,250,20.0
ece20,187020,0.16645213474276543,257,20.0
ece20,187024,0.10195005604813823,257,20.0
ece20,189647,0.25373986261089093,218,20.0
ece20,189651,0.36816810562616964,218,20.0
ece20,195264,0.14779598908835365,264,20.0
ece20,195267,0.22399885684009577,268,20.0
ece20,195273,0.297867947516466,268,20.0
ece20,195638,0.20577318805264008,238,20.0
ece20,195647,0.07218046544257238,238,20.0
ece20,195650,0.11471467165902664,238,20.0
ece20,195655,0.4905487046162452,239,20.0
ece21,160715,0.11683598897405455,215,20.0
ece21,160720,0.4667232275043382,215,20.0
ece21,161138,0.12369240322031207,188,20.0
ece21,165022,0.046701919327920394,214,20.0
ece21,165028,0.1398433739296644,215,20.0
ece21,165042,0.08331061562835375,214,20.0
ece21,165861,0.07680131097953347,215,20.0
ece21,170396,0.1070624136672241,230,20.0
ece21,187017,0.5434355235993846,250,20.0
ece21,187020,0.1667066147627889,257,20.0
ece21,187024,0.08416374421720589,257,20.0
ece21,189647,0.23410898981822076,218,20.0
ece21,189651,0.3587705934815694,218,20.0
ece21,195264,0.13798435610653875,264,20.0
ece21,195267,0.2267343981607227,268,20.0
ece21,195273,0.30712866206702816,268,20.0
ece21,195638,0.18910695544191805,238,20.0
ece21,195647,0.07184593699692247,238,20.0
ece21,195650,0.10028349471377593,238,20.0
ece21,195655,0.21310921092325055,239,20.0
ece22,160715,0.11172619391939513,215,20.0
ece22,160720,0.46200026966005814,215,20.0
ece22,161138,0.11347439317973838,188,20.0
ece22,165022,0.04376283531167427,214,20.0
ece22,165028,0.12708973516239552,215,20.0
ece22,165042,0.07747753135172696,214,20.0
ece22,165861,0.08428825364708876,215,20.0
ece22,170396,0.2956809488888341,230,20.0
ece22,187017,0.5156660643654284,250,20.0
ece22,187020,0.16795868715348927,257,20.0
ece22,187024,0.07561061840854226,257,20.0
ece22,189647,0.22375810404111784,218,20.0
ece22,189651,0.28513492738665636,218,20.0
ece22,195264,0.12066404348931811,264,20.0
ece22,195267,0.21953239946663597,268,20.0
ece22,195273,0.29899914852254095,268,20.0
ece22,195638,0.21987625382751336,238,20.0
ece22,195647,0.08515318747058825,238,20.0
ece22,195650,0.10261409688888672,238,20.0
ece22,195655,0.09181013648016308,239,20.0
ece23,160715,0.11403074767801068,215,20.0
ece23,160720,0.44266655353594764,215,20.0
ece23,161138,0.10580078404636503,188,20.0
ece23,165022,0.04321303598349569,214,20.0
ece23,165028,0.12897535427376514,215,20.0
ece23,165042,0.07942747017562243,214,20.0
ece23,165861,0.08682529062948001,215,20.0
ece23,170396,0.1394216489423654,230,20.0
ece23,187017,0.5214803489726916,250,20.0
ece23,187020,0.17126149080213807,257,20.0
ece23,187024,0.06904986248031424,257,20.0
ece23,189647,0.20966661429500172,218,20.0
ece23,189651,0.33017458579539355,218,20.0
ece23,195264,0.10991368544895179,264,20.0
ece23,195267,0.21661120607377707,268,20.0
ece23,195273,0.29629465658206533,268,20.0
ece23,195638,0.3758532365375259,238,20.0
ece23,195647,0.10747160981312126,238,20.0
ece23,195650,0.0963134894820686,238,20.0
ece23,195655,0.05617076214810144,239,20.0
ece24,160715,0.12093613611405403,215,20.0
ece24,160720,0.43878285379629145,215,20.0
ece24,161138,0.10151492485364293,188,20.0
ece24,165022,0.043105390140617095,214,20.0
ece24,165028,0.13326874863756716,215,20.0
ece24,165042,0.07679421967260897,214,20.0
ece24,165861,0.08724061629707443,215,20.0
ece24,170396,0.08164927155675882,230,20.0
ece24,187017,0.5471474754358071,250,20.0
ece24,187020,0.16842054336814694,257,20.0
ece24,187024,0.06003630250627864,257,20.0
ece24,189647,0.27183643275106695,218,20.0
ece24,189651,0.33543028202711633,218,20.0
ece24,195264,0.10416987968729023,264,20.0
ece24,195267,0.2158487052228933,268,20.0
ece24,195273,0.28708783451725634,268,20.0
ece24,195638,0.43796473428727345,238,20.0
ece24,195647,0.14212385876290995,238,20.0
ece24,195650,0.14771625707724773,238,20.0
ece24,195655,0.05096994333670866,239,20.0
ece25,160715,0.11431876272997742,215,20.0
ece25,160720,0.44972347285047654,215,20.0
ece25,161138,0.09679601984082614,188,20.0
ece25,165022,0.04401197196467894,214,20.0
ece25,165028,0.13396196445471226,215,20.0
ece25,165042,0.07282647020541401,214,20.0
ece25,165861,0.09335366775073986,215,20.0
ece25,170396,0.0633181848373836,230,20.0
ece25,187017,0.5767180351299767,250,20.0
ece25,187020,0.1630113387181554,257,20.0
ece25,187024,0.05386598415982877,257,20.0
ece25,189647,0.25722164942344306,218,20.0
ece25,189651,0.32601874990673146,218,20.0
ece25,195264,0.11191745128792804,264,20.0
ece25,195267,0.23719995250499412,268,20.0
ece25,195273,0.2941968514188548,268,20.0
ece25,195638,0.2722448792834451,238,20.0
ece25,195647,0.12944747909405468,238,20.0
ece25,195650,0.26915523746707404,238,20.0
ece25,195655,0.04495315275355052,239,20.0
ece26,160715,0.12240390470854383,215,20.0
ece26,160720,0.46087108704574214,215,20.0
ece26,161138,0.09120382419429598,188,20.0
ece26,165022,0.0481838540076871,214,20.0
ece26,165028,0.14195922981292078,215,20.0
ece26,165042,0.0658086865100914,214,20.0
ece26,165861,0.10264651629885578,215,20.0
ece26,170396,0.06076666095256756,230,20.0
ece26,187017,0.5650392808589934,250,20.0
ece26,187020,0.1540449155407654,257,20.0
ece26,187024,0.04646037258112766,257,20.0
ece26,189647,0.25707879993699706,218,20.0
ece26,189651,0.3190109455027331,218,20.0
ece26,195264,0.113264204234345,264,20.0
ece26,195267,0.2602525153301386,268,20.0
ece26,195273,0.31241429187281466,268,20.0
ece26,195638,0.21881698701895747,238,20.0
ece26,195647,0.08131148470527126,238,20.0
ece26,195650,0.4261121402614903,238,20.0
ece26,195655,0.04434991369917483,239,20.0
ece27,160715,0.12297296391162513,215,20.0
ece27,160720,0.45331212116042174,215,20.0
ece27,161138,0.09129824930293387,188,20.0
ece27,165022,0.050621928270720436,214,20.0
ece27,165028,0.1466438226413068,215,20.0
ece27,165042,0.0624751640312742,214,20.0
ece27,165861,0.09007228672299307,215,20.0
ece27,170396,0.05671247180274808,230,20.0
ece27,187017,0.6273001355077862,250,20.0
ece27,187020,0.14424762004578168,257,20.0
ece27,187024,0.049847687309418125,257,20.0
ece27,189647,0.2819454309131385,218,20.0
ece27,189651,0.2583960652367282,218,20.0
ece27,195264,0.11442191538242638,264,20.0
ece27,195267,0.27385324052740334,268,20.0
ece27,195273,0.3312318148997762,268,20.0
ece27,195638,0.2091978557907443,238,20.0
ece27,195647,0.15410660796027864,238,20.0
ece27,195650,0.5639857652528423,238,20.0
ece27,195655,0.043444087051871014,239,20.0
ece28,160715,0.2035582599410508,215,20.0
ece28,160720,0.8412928196134806,215,20.0
ece28,161138,0.21720273935216405,188,20.0
ece28,165022,0.04821634850068379,214,20.0
ece28,165028,0.15445412873331232,215,20.0
ece28,165042,0.06686653121064243,214,20.0
ece28,165861,0.0881333586512454,215,20.0
ece28,170396,0.05780695403378026,230,20.0
ece28,187017,0.7502093899542184,250,20.0
ece28,187020,0.14627698862310712,257,20.0
ece28,187024,0.049571811625803194,257,20.0
ece28,189647,0.27934183031212817,218,20.0
ece28,189651,0.2499203564520899,218,20.0
ece28,195264,0.11963602478875865,264,20.0
ece28,195267,0.28758798703966926,268,20.0
ece28,195273,0.34741467936086123,268,20.0
ece28,195638,0.18370884559791983,238,20.0
ece28,195647,0.1954598364910542,238,20.0
ece28,195650,0.5748231510978679,238,20.0
ece28,195655,0.04464259053680522,239,20.0
ece29,160715,0.09552231754909665,215,20.0
ece29,160720,0.4653183551642899,215,20.0
ece29,161138,0.10871789444910951,188,20.0
ece29,165022,0.0566426825030895,214,20.0
ece29,165028,0.17269327822794756,215,20.0
ece29,165042,0.04825643168504606,214,20.0
ece29,165861,0.07579692668596179,215,20.0
ece29,170396,0.06420528271210206,230,20.0
ece29,187017,0.3463276334550161,250,20.0
ece29,187020,0.1146349206824948,257,20.0
ece29,187024,0.04920003778641337,257,20.0
ece29,189647,0.2739196285839853,218,20.0
ece29,189651,0.22626156850659196,218,20.0
ece29,195264,0.13243301619575334,264,20.0
ece29,195267,0.3445091622702206,268,20.0
ece29,195273,0.3836246600098399,268,20.0
ece29,195638,0.1132373862738292,238,20.0
ece29,195647,0.3413473899688108,238,20.0
ece29,195650,0.15112290591256128,238,20.0
ece29,195655,0.049132128063494374,239,20.0
ece30,160715,0.0811650647727582,215,20.0
ece30,160720,0.4274610596932798,215,20.0
ece30,161138,0.09931832875812367,188,20.0
ece30,165022,0.06303575079783745,214,20.0
ece30,165028,0.16942615110134274,215,20.0
ece30,165042,0.038413967241230036,214,20.0
ece30,165861,0.0557710531605077,215,20.0
ece30,170396,0.06644849219332856,230,20.0
ece30,187017,0.2596617102435819,250,20.0
ece30,187020,0.10042231079336505,257,20.0
ece30,187024,0.045857230607412675,257,20.0
ece30,189647,0.2531483599310634,218,20.0
ece30,189651,0.2384382299823017,218,20.0
ece30,195264,0.13008554016697604,264,20.0
ece30,195267,0.33732694283604236,268,20.0
ece30,195273,0.36689688410606636,268,20.0
ece30,195638,0.09700305154885903,238,20.0
ece30,195647,0.28940775244284944,238,20.0
ece30,195650,0.10786275126510325,238,20.0
ece30,195655,0.06544566568658391,239,20.0
ece31,160715,0.08171883638356028,215,20.0
ece31,160720,0.40422178928185126,215,20.0
ece31,161138,0.09723176660320502,188,20.0
ece31,165022,0.07436621317134665,214,20.0
ece31,165028,0.16468063585631548,215,20.0
ece31,165042,0.042359543110998744,214,20.0
ece31,165861,0.043696346148380756,215,20.0
ece31,170396,0.07615234758926034,230,20.0
ece31,187017,0.22631707301896803,250,20.0
ece31,187020,0.08841009780650855,257,20.0
ece31,187024,0.06554405897139165,257,20.0
ece31,189647,0.3052182312928917,218,20.0
ece31,189651,0.26717965366253854,218,20.0
ece31,195264,0.1272919553843293,264,20.0
ece31,195267,0.3271916824944657,268,20.0
ece31,195273,0.3636797852113056,268,20.0
ece31,195638,0.10957613937059353,238,20.0
ece31,195647,0.20131902290794063,238,20.0
ece31,195650,0.09379386346115784,238,20.0
ece31,195655,0.0648892926536361,239,20.0
ece32,160715,0.0774730393353508,215,20.0
ece32,160720,0.37529733724158487,215,20.0
ece32,161138,0.09374761880028348,188,20.0
ece32,165022,0.07445452327950919,214,20.0
ece32,165028,0.16292549527524483,215,20.0
ece32,165042,0.04292227924911326,214,20.0
ece32,165861,0.04163043849791877,215,20.0
ece32,170396,0.07713088280096639,230,20.0
ece32,187017,0.19195734340464599,250,20.0
ece32,187020,0.0803671565867649,257,20.0
ece32,187024,0.07635197440953972,257,20.0
ece32,189647,0.38085202723162925,218,20.0
ece32,189651,0.3216221369695067,218,20.0
ece32,195264,0.10864906605759783,264,20.0
ece32,195267,0.29556834250929503,268,20.0
ece32,195273,0.35157927312647996,268,20.0
ece32,195638,0.13351375157098955,238,20.0
ece32,195647,0.09611287872107653,238,20.0
ece32,195650,0.09179784772256862,238,20.0
ece32,195655,0.0637961446978927,239,20.0
ece33,160715,0.09029207546753412,215,20.0
ece33,160720,0.3750505518087274,215,20.0
ece33,161138,0.09386207944323832,188,20.0
ece33,165022,0.07278891954721495,214,20.0
ece33,165028,0.1769893159860136,215,20.0
ece33,165042,0.08764943282624639,214,20.0
ece33,165861,0.061795956430957824,215,20.0
ece33,170396,0.07057805908053427,230,20.0
ece33,187017,0.16586384222899936,250,20.0
ece33,187020,0.07792388533151448,257,20.0
ece33,187024,0.09642955551751917,257,20.0
ece33,189647,0.2295833367858537,218,20.0
ece33,189651,0.5450660914320762,218,20.0
ece33,195264,0.1133839889216374,264,20.0
ece33,195267,0.24241837192800347,268,20.0
ece33,195273,0.3396942516580293,268,20.0
ece33,195638,0.13020503184140378,238,20.0
ece33,195647,0.0561498303006997,238,20.0
ece33,195650,0.08830796399770234,238,20.0
ece33,195655,0.055070599706510535,239,20.0
ece34,160715,0.0935020053352348,215,20.0
ece34,160720,0.38597752147445563,215,20.0
ece34,161138,0.09106964285943764,188,20.0
ece34,165022,0.06690092245581356,214,20.0
ece34,165028,0.1746179772867275,215,20.0
ece34,165042,0.0726961467480451,214,20.0
ece34,165861,0.0647491833115572,215,20.0
ece34,170396,0.07136705525713519,230,20.0
ece34,187017,0.15315078324130832,250,20.0
ece34,187020,0.08013968038690153,257,20.0
ece34,187024,0.09993671662297203,257,20.0
ece34,189647,0.20994792659129377,218,20.0
ece34,189651,0.4434979281335026,218,20.0
ece34,195264,0.11373436136785343,264,20.0
ece34,195267,0.21346013906358827,268,20.0
ece34,195273,0.3541759269691765,268,20.0
ece34,195638,0.13094979677806945,238,20.0
ece34,195647,0.06340617059426508,238,20.0
ece34,195650,0.09453045175442215,238,20.0
ece34,195655,0.07188960902131908,239,20.0
ece35,160715,0.0920297846258384,215,20.0
ece35,160720,0.3961368216926484,215,20.0
ece35,161138,0.09002349723946468,188,20.0
ece35,165022,0.059938617953261365,214,20.0
ece35,165028,0.2001872825013068,215,20.0
ece35,165042,0.030560150984448326,214,20.0
ece35,165861,0.04330223648881047,215,20.0
ece35,170396,0.0735141544431378,230,20.0
ece35,187017,0.14822712399030422,250,20.0
ece35,187020,0.11204317251310712,257,20.0
ece35,187024,0.12921347649204026,257,20.0
ece35,189647,0.13246085816503544,218,20.0
ece35,189651,0.3646998464180478,218,20.0
ece35,195264,0.09094619871510923,264,20.0
ece35,195267,0.22155014419933142,268,20.0
ece35,195273,0.3024623190023817,268,20.0
ece35,195638,0.15429029004712927,238,20.0
ece35,195647,0.07017924169398125,238,20.0
ece35,195650,0.10747110652289185,238,20.0
ece35,195655,0.05775024701431312,239,20.0
ece36,160715,0.08573319081184624,215,20.0
ece36,160720,0.3022216578389311,215,20.0
ece36,161138,0.0853861623138132,188,20.0
ece36,165022,0.04398466085784086,214,20.0
ece36,165028,0.16705704737277158,215,20.0
ece36,165042,0.04402028684162972,214,20.0
ece36,165861,0.04753807285787327,215,20.0
ece36,170396,0.08026406490912862,230,20.0
ece36,187017,0.1489257429149866,250,20.0
ece36,187020,0.13504193934667907,257,20.0
ece36,187024,0.15280962367317236,257,20.0
ece36,189647,0.12966582334269325,218,20.0
ece36,189651,0.3186222318909673,218,20.0
ece36,195264,0.0821033052612568,264,20.0
ece36,195267,0.15122693821394745,268,20.0
ece36,195273,0.21543916556696036,268,20.0
ece36,195638,0.12425616696364009,238,20.0
ece36,195647,0.07455029867025319,238,20.0
ece36,195650,0.12131815870943546,238,20.0
ece36,195655,0.04532401582717096,239,20.0
ece37,160715,0.07278015513921768,215,20.0
ece37,160720,0.2493786269796619,215,20.0
ece37,161138,0.07959507412241702,188,20.0
ece37,165022,0.03737420473220335,214,20.0
ece37,165028,0.13972444383875562,215,20.0
ece37,165042,0.028860710135868887,214,20.0
ece37,165861,0.03498880284429493,215,20.0
ece37,170396,0.04421511704503418,230,20.0
ece37,187017,0.16429999926858782,250,20.0
ece37,187020,0.1603927363732951,257,20.0
ece37,187024,0.15234803715068096,257,20.0
ece37,189647,0.1707262412880754,218,20.0
ece37,189651,0.2995763635894184,218,20.0
ece37,195264,0.09772766559929698,264,20.0
ece37,195267,0.2697051667847475,268,20.0
ece37,195273,0.32009421131089527,268,20.0
ece37,195638,0.07758820591472783,238,20.0
ece37,195647,0.0673095837766392,238,20.0
ece37,195650,0.12347612200643453,238,20.0
ece37,195655,0.054640820420127224,239,20.0
ece38,160715,0.09422825016172978,215,20.0
ece38,160720,0.3459306164078987,215,20.0
ece38,161138,0.0867404447327382,188,20.0
ece38,165022,0.09556373192221376,214,20.0
ece38,165028,0.1949553918462948,215,20.0
ece38,165042,0.061470012458373656,214,20.0
ece38,165861,0.08721285324765005,215,20.0
ece38,170396,0.16838973684390884,230,20.0
ece38,187017,0.18128114716837165,250,20.0
ece38,187020,0.19878560808150822,257,20.0
ece38,187024,0.13564772337444972,257,20.0
ece38,189647,0.19475840184685508,218,20.0
ece38,189651,0.26328575540755156,218,20.0
ece38,195264,0.1475553326310018,264,20.0
ece38,195267,0.27857660840585624,268,20.0
ece38,195273,0.4179628351149632,268,20.0
ece38,195638,0.05580975855079477,238,20.0
ece38,195647,0.03207935914958253,238,20.0
ece38,195650,0.07122174980048455,238,20.0
ece38,195655,0.056599874328911656,239,20.0
ece39,160715,0.11829598097071953,215,20.0
ece39,160720,0.3798147153910247,215,20.0
ece39,161138,0.07014685323955877,188,20.0
ece39,165022,0.10408767867907566,214,20.0
ece39,165028,0.2458834062568083,215,20.0
ece39,165042,0.10310988715979814,214,20.0
ece39,165861,0.1651625321341493,215,20.0
ece39,170396,0.21106328234868346,230,20.0
ece39,187017,0.18975212609258787,250,20.0
ece39,187020,0.16586242645642257,257,20.0
ece39,187024,0.10487167552565278,257,20.0
ece39,189647,0.2232874923928071,218,20.0
ece39,189651,0.24146934823135693,218,20.0
ece39,195264,0.17622943640493724,264,20.0
ece39,195267,0.30418655269102973,268,20.0
ece39,195273,0.5080767437315319,268,20.0
ece39,195638,0.07365953065818802,238,20.0
ece39,195647,0.04654926564721781,238,20.0
ece39,195650,0.10778299100103347,238,20.0
ece39,195655,0.05200591307985229,239,20.0
ece40,160715,0.10725436071228814,215,20.0
ece40,160720,0.43971932229959204,215,20.0
ece40,161138,0.086715909041668,188,20.0
ece40,165022,0.10098381472687132,214,20.0
ece40,165028,0.2752999436998882,215,20.0
ece40,165042,0.11140620286065109,214,20.0
ece40,165861,0.16355213253512266,215,20.0
ece40,170396,0.16888983254740317,230,20.0
ece40,187017,0.1770768824426866,250,20.0
ece40,187020,0.13745255498063672,257,20.0
ece40,187024,0.10479882822391329,257,20.0
ece40,189647,0.21807228814950183,218,20.0
ece40,189651,0.24260818510772592,218,20.0
ece40,195264,0.17187984339605022,264,20.0
ece40,195267,0.29338435816557873,268,20.0
ece40,195273,0.5266072950024082,268,20.0
ece40,195638,0.10948304757716942,238,20.0
ece40,195647,0.05840283597434738,238,20.0
ece40,195650,0.150470469410595,238,20.0
ece40,195655,0.06601907753456404,239,20.0
cerqrott3,160715,0.08901956839421891,215,20.0
cerqrott3,160720,0.21013702191407604,215,20.0
cerqrott3,161138,0.06679163141884897,188,20.0
cerqrott3,165022,0.16991111554596797,214,20.0
cerqrott3,165028,0.08533331933952436,215,20.0
cerqrott3,165042,0.14342411549915318,214,20.0
cerqrott3,165861,0.07471931371312604,215,20.0
cerqrott3,170396,0.17725160791157105,230,20.0
cerqrott3,187017,0.12690354772916548,250,20.0
cerqrott3,187020,0.220972565927173,257,20.0
cerqrott3,187024,0.2416753752227059,257,20.0
cerqrott3,189647,0.27375684375163084,218,20.0
cerqrott3,189651,0.48229080903385707,218,20.0
cerqrott3,195264,0.11227571173095861,264,20.0
cerqrott3,195267,0.23989233206024813,268,20.0
cerqrott3,195273,0.12379133808715598,268,20.0
cerqrott3,195638,0.3609201065740165,238,20.0
cerqrott3,195647,0.207053428184332,238,20.0
cerqrott3,195650,0.1707378431910135,238,20.0
cerqrott3,195655,0.1345545361634031,239,20.0
cerqrott6,160715,0.14457526423754027,215,20.0
cerqrott6,160720,0.24007927815757238,215,20.0
cerqrott6,161138,0.10250956100758085,188,20.0
cerqrott6,165022,0.324694884034273,214,20.0
cerqrott6,165028,0.11411871801155811,215,20.0
cerqrott6,165042,0.1868411207091638,214,20.0
cerqrott6,165861,0.09700077932163641,215,20.0
cerqrott6,170396,0.16210339964321735,230,20.0
cerqrott6,187017,0.11793020029186972,250,20.0
cerqrott6,187020,0.11261172606132681,257,20.0
cerqrott6,187024,0.13892657166523717,257,20.0
cerqrott6,189647,0.29563151274550786,218,20.0
cerqrott6,189651,0.44912868041506115,218,20.0
cerqrott6,195264,0.1255759497715739,264,20.0
cerqrott6,195267,0.16172386048795206,268,20.0
cerqrott6,195273,0.19131619924674795,268,20.0
cerqrott6,195638,0.22185476315236347,238,20.0
cerqrott6,195647,0.19399078704173758,238,20.0
cerqrott6,195650,0.14722589337249314,238,20.0
cerqrott6,195655,0.148148723022582,239,20.0
cerqrott8,160715,0.16424720460340833,215,20.0
cerqrott8,160720,0.20269350001698425,215,20.0
cerqrott8,161138,0.116065862446104,188,20.0
cerqrott8,165022,0.35059075285003455,214,20.0
cerqrott8,165028,0.12812943931008486,215,20.0
cerqrott8,165042,0.1921200202373824,214,20.0
cerqrott8,165861,0.12209936095213321,215,20.0
cerqrott8,170396,0.16722400582856473,230,20.0
cerqrott8,187017,0.10032725182819881,250,20.0
cerqrott8,187020,0.10576340317715686,257,20.0
cerqrott8,187024,0.1392448813594519,257,20.0
cerqrott8,189647,0.21567401546509396,218,20.0
cerqrott8,189651,0.35059286040462456,218,20.0
cerqrott8,195264,0.1329693818551374,264,20.0
cerqrott8,195267,0.20981932165687692,268,20.0
cerqrott8,195273,0.22316707938587652,268,20.0
cerqrott8,195638,0.25920684467102295,238,20.0
cerqrott8,195647,0.25165692356642694,238,20.0
cerqrott8,195650,0.1152752760382464,238,20.0
cerqrott8,195655,0.17216285954423485,239,20.0
cerqrott10,160715,0.4047950728693354,215,20.0
cerqrott10,160720,0.4577223936501909,215,20.0
cerqrott10,161138,0.13833565124509833,188,20.0
cerqrott10,165022,0.35435931661343506,214,20.0
cerqrott10,165028,0.21235706438447102,215,20.0
cerqrott10,165042,0.21108028356729663,214,20.0
cerqrott10,165861,0.14451258342166462,215,20.0
cerqrott10,170396,0.2662818429866181,230,20.0
cerqrott10,187017,0.13765979962148323,250,20.0
cerqrott10,187020,0.09580851062005101,257,20.0
cerqrott10,187024,0.11097963055669136,257,20.0
cerqrott10,189647,0.23142356489170363,218,20.0
cerqrott10,189651,0.2041295911378404,218,20.0
cerqrott10,195264,0.2938311191938124,264,20.0
cerqrott10,195267,0.36965753257309986,268,20.0
cerqrott10,195273,0.2928539804133048,268,20.0
cerqrott10,195638,0.45014728923111125,238,20.0
cerqrott10,195647,0.25658901323442257,238,20.0
cerqrott10,195650,0.14725865525701765,238,20.0
cerqrott10,195655,0.17509680082995083,239,20.0
cerqrott11,160715,0.6220824871145365,215,20.0
cerqrott11,160720,0.7377782279783727,215,20.0
cerqrott11,161138,0.19178284177166613,188,20.0
cerqrott11,165022,0.39778640005045846,214,20.0
cerqrott11,165028,0.29613112469173064,215,20.0
cerqrott11,165042,0.23733225451121387,214,20.0
cerqrott11,165861,0.18845123981709858,215,20.0
cerqrott11,170396,0.36478842672646034,230,20.0
cerqrott11,187017,0.18743590454761547,250,20.0
cerqrott11,187020,0.07847950564201936,257,20.0
cerqrott11,187024,0.08608637409645639,257,20.0
cerqrott11,189647,0.27183071108274043,218,20.0
cerqrott11,189651,0.2653275338910285,218,20.0
cerqrott11,195264,0.4506724933891498,264,20.0
cerqrott11,195267,0.44837862684442104,268,20.0
cerqrott11,195273,0.36896980780703564,268,20.0
cerqrott11,195638,0.5071502320032976,238,20.0
cerqrott11,195647,0.3688153492438137,238,20.0
cerqrott11,195650,0.2162161473032554,238,20.0
cerqrott11,195655,0.36110648919331223,239,20.0
cerqrott12,160715,0.7406686426482785,215,20.0
cerqrott12,160720,0.66109992272159,215,20.0
cerqrott12,161138,0.2388069110533942,188,20.0
cerqrott12,165022,0.4208947459486951,214,20.0
cerqrott12,165028,0.4386750427328132,215,20.0
cerqrott12,165042,0.2495578957014131,214,20.0
cerqrott12,165861,0.26849370479461226,215,20.0
cerqrott12,170396,0.523756419736476,230,20.0
cerqrott12,187017,0.41210296465432666,250,20.0
cerqrott12,187020,0.2641887534339826,257,20.0
cerqrott12,187024,0.18889331537238938,257,20.0
cerqrott12,189647,0.4893544985525499,218,20.0
cerqrott12,189651,0.2242321904592437,218,20.0
cerqrott12,195264,0.43953568010165944,264,20.0
cerqrott12,195267,0.4560850494453894,268,20.0
cerqrott12,195273,0.3255381414381816,268,20.0
cerqrott12,195638,0.5049850185476844,238,20.0
cerqrott12,195647,0.6349503235010953,238,20.0
cerqrott12,195650,0.3461547572758087,238,20.0
cerqrott12,195655,0.5186290202214816,239,20.0
cerqrott13,160715,0.3671791178401075,215,20.0
cerqrott13,160720,0.3859326678573081,215,20.0
cerqrott13,161138,0.46014008436025744,188,20.0
cerqrott13,165022,0.20279476928185186,214,20.0
cerqrott13,165028,0.34709252140931374,215,20.0
cerqrott13,165042,0.48264446873826244,214,20.0
cerqrott13,165861,0.38853899560090005,215,20.0
cerqrott13,170396,0.38256173725300846,230,20.0
cerqrott13,187017,0.7535455277063109,250,20.0
cerqrott13,187020,0.7969663608733629,257,20.0
cerqrott13,187024,0.2983763800355908,257,20.0
cerqrott13,189647,0.17763273903808147,218,20.0
cerqrott13,189651,0.2459661094736444,218,20.0
cerqrott13,195264,0.6930073095659444,264,20.0
cerqrott13,195267,0.7279786595627085,268,20.0
cerqrott13,195273,0.7264432024069757,268,20.0
cerqrott13,195638,0.43338470137740964,238,20.0
cerqrott13,195647,0.3102128935375767,238,20.0
cerqrott13,195650,0.34067526730638387,238,20.0
cerqrott13,195655,0.23221799298501036,239,20.0
cerqtit3,160715,0.11839911896651231,215,20.0
cerqtit3,160720,0.45130870756395136,215,20.0
cerqtit3,161138,0.0777909957555696,188,20.0
cerqtit3,165022,0.12038854842108596,214,20.0
cerqtit3,165028,0.2578689374033673,215,20.0
cerqtit3,165042,0.09475204907612311,214,20.0
cerqtit3,165861,0.12562108908619501,215,20.0
cerqtit3,170396,0.19469173508764614,230,20.0
cerqtit3,187017,0.2701435946155887,250,20.0
cerqtit3,187020,0.2741491802506944,257,20.0
cerqtit3,187024,0.15881659070280357,257,20.0
cerqtit3,189647,0.3668306540832281,218,20.0
cerqtit3,189651,0.25749941200602505,218,20.0
cerqtit3,195264,0.15725209803180032,264,20.0
cerqtit3,195267,0.20998571857327533,268,20.0
cerqtit3,195273,0.2134597927071143,268,20.0
cerqtit3,195638,0.15002123660474811,238,20.0
cerqtit3,195647,0.08408878526353326,238,20.0
cerqtit3,195650,0.1907658008410718,238,20.0
cerqtit3,195655,0.11404101303381421,239,20.0
cerqtit6,160715,0.16489364710364288,215,20.0
cerqtit6,160720,0.34644504070729865,215,20.0
cerqtit6,161138,0.06411054098701013,188,20.0
cerqtit6,165022,0.1406307399996593,214,20.0
cerqtit6,165028,0.26433353912538005,215,20.0
cerqtit6,165042,0.0813594798187574,214,20.0
cerqtit6,165861,0.1325852673444017,215,20.0
cerqtit6,170396,0.1591124716532491,230,20.0
cerqtit6,187017,0.23141886912391213,250,20.0
cerqtit6,187020,0.2686035133351887,257,20.0
cerqtit6,187024,0.15399415195672359,257,20.0
cerqtit6,189647,0.2621752775428633,218,20.0
cerqtit6,189651,0.3191616550520771,218,20.0
cerqtit6,195264,0.1534058495783336,264,20.0
cerqtit6,195267,0.2226762092857156,268,20.0
cerqtit6,195273,0.30039251915912535,268,20.0
cerqtit6,195638,0.11249791840187146,238,20.0
cerqtit6,195647,0.10433517140186424,238,20.0
cerqtit6,195650,0.19884141525106133,238,20.0
cerqtit6,195655,0.11140908519725784,239,20.0
cerqtit8,160715,0.14754223704217964,215,20.0
cerqtit8,160720,0.37281336380000796,215,20.0
cerqtit8,161138,0.07391343236482951,188,20.0
cerqtit8,165022,0.16706516246647074,214,20.0
cerqtit8,165028,0.3165129128171385,215,20.0
cerqtit8,165042,0.0780396429170888,214,20.0
cerqtit8,165861,0.11371235445944561,215,20.0
cerqtit8,170396,0.14660072287885964,230,20.0
cerqtit8,187017,0.26924491646373894,250,20.0
cerqtit8,187020,0.2652973055604174,257,20.0
cerqtit8,187024,0.17988537884528985,257,20.0
cerqtit8,189647,0.2279992682584616,218,20.0
cerqtit8,189651,0.359635027181536,218,20.0
cerqtit8,195264,0.17396218410073924,264,20.0
cerqtit8,195267,0.27183003959985924,268,20.0
cerqtit8,195273,0.40039895057384245,268,20.0
cerqtit8,195638,0.17452668139593455,238,20.0
cerqtit8,195647,0.08547734092378641,238,20.0
cerqtit8,195650,0.2193328047020327,238,20.0
cerqtit8,195655,0.0801094580364836,239,20.0
cerqtit10,160715,0.1436068428560441,215,20.0
cerqtit10,160720,0.3094056616840714,215,20.0
cerqtit10,161138,0.1164302923945091,188,20.0
cerqtit10,165022,0.15959081107666664,214,20.0
cerqtit10,165028,0.26229429455382447,215,20.0
cerqtit10,165042,0.06599000687601042,214,20.0
cerqtit10,165861,0.10085689687945894,215,20.0
cerqtit10,170396,0.18520941045912626,230,20.0
cerqtit10,187017,0.2861687578739075,250,20.0
cerqtit10,187020,0.2750884442164937,257,20.0
cerqtit10,187024,0.18199853226398394,257,20.0
cerqtit10,189647,0.22346273418689847,218,20.0
cerqtit10,189651,0.31627798735319207,218,20.0
cerqtit10,195264,0.19582038887049438,264,20.0
cerqtit10,195267,0.4128498100920704,268,20.0
cerqtit10,195273,0.4641772653829601,268,20.0
cerqtit10,195638,0.24391955368883828,238,20.0
cerqtit10,195647,0.09735030504853379,238,20.0
cerqtit10,195650,0.21697626674185658,238,20.0
cerqtit10,195655,0.08894002107128966,239,20.0
cerqtit11,160715,0.16891153998328845,215,20.0
cerqtit11,160720,0.3656460816379867,215,20.0
cerqtit11,161138,0.0914220538821872,188,20.0
cerqtit11,165022,0.16776671338869062,214,20.0
cerqtit11,165028,0.22814326700334206,215,20.0
cerqtit11,165042,0.06825419064464844,214,20.0
cerqtit11,165861,0.10409953944283477,215,20.0
cerqtit11,170396,0.19048228897993683,230,20.0
cerqtit11,187017,0.28680465867942123,250,20.0
cerqtit11,187020,0.25445368466205803,257,20.0
cerqtit11,187024,0.17717456454717967,257,20.0
cerqtit11,189647,0.21467408542756444,218,20.0
cerqtit11,189651,0.2579353014121168,218,20.0
cerqtit11,195264,0.21578436183239605,264,20.0
cerqtit11,195267,0.5064415576824438,268,20.0
cerqtit11,195273,0.49512742007335614,268,20.0
cerqtit11,195638,0.26923383802267203,238,20.0
cerqtit11,195647,0.10577558112424416,238,20.0
cerqtit11,195650,0.21637096802546588,238,20.0
cerqtit11,195655,0.0974985803797599,239,20.0
cerqtit12,160715,0.20881923581890285,215,20.0
cerqtit12,160720,0.33108088500774646,215,20.0
cerqtit12,161138,0.2262535170156989,188,20.0
cerqtit12,165022,0.16368048874318722,214,20.0
cerqtit12,165028,0.20693923618988472,215,20.0
cerqtit12,165042,0.09033066470592176,214,20.0
cerqtit12,165861,0.091387255553457,215,20.0
cerqtit12,170396,0.31778306206729884,230,20.0
cerqtit12,187017,0.25714688974096195,250,20.0
cerqtit12,187020,0.22813593012189523,257,20.0
cerqtit12,187024,0.1089200969058464,257,20.0
cerqtit12,189647,0.17633133441626778,218,20.0
cerqtit12,189651,0.20728327502008315,218,20.0
cerqtit12,195264,0.2706038250180792,264,20.0
cerqtit12,195267,0.5147295336054539,268,20.0
cerqtit12,195273,0.4813292626351829,268,20.0
cerqtit12,195638,0.34965691911376234,238,20.0
cerqtit12,195647,0.12237741479230385,238,20.0
cerqtit12,195650,0.19562032819656447,238,20.0
cerqtit12,195655,0.12563735790997563,239,20.0
cerqtit13,160715,0.22118577014760424,215,20.0
cerqtit13,160720,0.22036010784787383,215,20.0
cerqtit13,161138,0.4552786829653336,188,20.0
cerqtit13,165022,0.19151868324525326,214,20.0
cerqtit13,165028,0.2221549033302984,215,20.0
cerqtit13,165042,0.16976263766457603,214,20.0
cerqtit13,165861,0.11168487060302985,215,20.0
cerqtit13,170396,0.1825964572478898,230,20.0
cerqtit13,187017,0.14855603296721534,250,20.0
cerqtit13,187020,0.14139580549269706,257,20.0
cerqtit13,187024,0.05804982066255242,257,20.0
cerqtit13,189647,0.18471613399082998,218,20.0
cerqtit13,189651,0.3817464093432438,218,20.0
cerqtit13,195264,0.42733528067210025,264,20.0
cerqtit13,195267,0.513155610608625,268,20.0
cerqtit13,195273,0.5244187959233412,268,20.0
cerqtit13,195638,0.3296085090758627,238,20.0
cerqtit13,195647,0.24539711925259533,238,20.0
cerqtit13,195650,0.26824229822790085,238,20.0
cerqtit13,195655,0.22191277113378477,239,20.0
