realization_index,shot,feature,block_setting,sd_primary,sd_sensitivity,sd_ratio_sens_over_primary
0,155537,d[pcdiamag3]/d[kappa],short,0.2849590762522121,0.2529111138671347,0.8875348600698255
0,155537,d[pcdiamag3]/d[kappa],long,0.2849590762522121,0.2956094969506895,1.0373752639801859
0,155537,d[kappa]/d[t],short,0.13302515675453883,0.11668687490157895,0.8771790069519817
0,155537,d[kappa]/d[t],long,0.13302515675453883,0.1297547652736529,0.9754152405403926
0,155537,r[q95]/r[kappa],short,0.02276953937421061,0.020913736170634235,0.9184962342418211
0,155537,r[q95]/r[kappa],long,0.02276953937421061,0.022913597014840387,1.0063267700879333
0,155537,d[pcdiamag3]/d[betan],short,0.42035720505264934,0.3732656402309532,0.8879725046801592
0,155537,d[pcdiamag3]/d[betan],long,0.42035720505264934,0.43832089983902467,1.0427343568052423
0,155537,d[kappa]/d[betan],short,0.5372212629103887,0.4799974007877778,0.8934817624071647
0,155537,d[kappa]/d[betan],long,0.5372212629103887,0.5378261185799318,1.0011258967418104
0,155537,d[betan]/d[t],short,0.14739593642417964,0.12772805240189725,0.8665642723983751
0,155537,d[betan]/d[t],long,0.14739593642417964,0.1487031376135987,1.0088686379090952
0,155537,d[li]/d[betan],short,0.008544956127793692,0.007703100068867496,0.9014791830014388
0,155537,d[li]/d[betan],long,0.008544956127793692,0.008536747882435403,0.9990394046222674
1,159310,d[pcdiamag3]/d[kappa],short,0.24012876679014739,0.18413504134744554,0.7668179194388798
1,159310,d[pcdiamag3]/d[kappa],long,0.24012876679014739,0.25409520741667646,1.0581622968927065
1,159310,d[kappa]/d[t],short,0.17016494334054152,0.13483866194107802,0.7923997698587787
1,159310,d[kappa]/d[t],long,0.17016494334054152,0.18232408179341536,1.0714550142595431
1,159310,r[q95]/r[kappa],short,0.01606892694044256,0.013273619514325218,0.8260426824716659
1,159310,r[q95]/r[kappa],long,0.01606892694044256,0.01447171149473535,0.9006022336383762
1,159310,d[pcdiamag3]/d[betan],short,0.11018847530878559,0.08495967938997408,0.771039613279768
1,159310,d[pcdiamag3]/d[betan],long,0.11018847530878559,0.11599337680648367,1.0526815665742695
1,159310,d[kappa]/d[betan],short,0.11362915836851623,0.10335479974650062,0.9095799109178012
1,159310,d[kappa]/d[betan],long,0.11362915836851623,0.1261099257082956,1.1098377169995512
1,159310,d[betan]/d[t],short,0.17018970430695632,0.1347137355333434,0.7915504412086597
1,159310,d[betan]/d[t],long,0.17018970430695632,0.18243442841258048,1.071947502085898
1,159310,d[li]/d[betan],short,0.0048000224932166526,0.004832573524578671,1.0067814330884932
1,159310,d[li]/d[betan],long,0.0048000224932166526,0.005025185693880213,1.0469087803194073
2,160715,d[pcdiamag3]/d[kappa],short,0.2009798262244397,0.17624179970511686,0.8769128873079128
2,160715,d[pcdiamag3]/d[kappa],long,0.2009798262244397,0.19952877702633262,0.9927801251231672
2,160715,d[kappa]/d[t],short,0.07529044932531856,0.07706283133090878,1.0235405954071413
2,160715,d[kappa]/d[t],long,0.07529044932531856,0.06702692812337493,0.8902447617726507
2,160715,r[q95]/r[kappa],short,0.04947813459645334,0.032619455210417606,0.6592701094425487
2,160715,r[q95]/r[kappa],long,0.04947813459645334,0.06701189345769076,1.3543738866520023
2,160715,d[pcdiamag3]/d[betan],short,0.29132070655745423,0.2579243886174977,0.8853623611771277
2,160715,d[pcdiamag3]/d[betan],long,0.29132070655745423,0.2912595874976025,0.9997902000836982
2,160715,d[kappa]/d[betan],short,0.3273098444150483,0.30068693086709747,0.9186614334942144
2,160715,d[kappa]/d[betan],long,0.3273098444150483,0.3223879541426437,0.9849625962787593
2,160715,d[betan]/d[t],short,0.06923870375076077,0.06557685644647135,0.9471127114471705
2,160715,d[betan]/d[t],long,0.06923870375076077,0.07092445948582937,1.0243470146572329
2,160715,d[li]/d[betan],short,0.016302281214828445,0.014919787850551617,0.9151963246088385
2,160715,d[li]/d[betan],long,0.016302281214828445,0.016456203579523956,1.0094417684657835
3,160717,d[pcdiamag3]/d[kappa],short,0.20551468096705738,0.19994408670320327,0.9728944217627546
3,160717,d[pcdiamag3]/d[kappa],long,0.20551468096705738,0.24106922502731515,1.1730024536103858
3,160717,d[kappa]/d[t],short,0.0936847292088512,0.0891464340887712,0.9515577921993696
3,160717,d[kappa]/d[t],long,0.0936847292088512,0.08741783042171067,0.9331065068975044
3,160717,r[q95]/r[kappa],short,0.029078917963116686,0.01803135828354749,0.6200835363412629
3,160717,r[q95]/r[kappa],long,0.029078917963116686,0.048709384252208436,1.675075541462344
3,160717,d[pcdiamag3]/d[betan],short,0.30372618634166426,0.29314044938766964,0.9651471047607084
3,160717,d[pcdiamag3]/d[betan],long,0.30372618634166426,0.35748594691335356,1.1770007427387683
3,160717,d[kappa]/d[betan],short,0.35076518018460084,0.34808815016525446,0.992368028041043
3,160717,d[kappa]/d[betan],long,0.35076518018460084,0.3955247172039853,1.1276054168085534
3,160717,d[betan]/d[t],short,0.11762272800362712,0.11676800245667039,0.9927333300165307
3,160717,d[betan]/d[t],long,0.11762272800362712,0.11660763108791831,0.9913698914067144
3,160717,d[li]/d[betan],short,0.02243357344043032,0.021149004503403925,0.9427389960659475
3,160717,d[li]/d[betan],long,0.02243357344043032,0.023271291820472086,1.03734217298306
4,160719,d[pcdiamag3]/d[kappa],short,0.12677630179078445,0.09851690649701157,0.777092446343723
4,160719,d[pcdiamag3]/d[kappa],long,0.12677630179078445,0.10406397630020343,0.8208472311484257
4,160719,d[kappa]/d[t],short,0.11594774151374859,0.1074611523723439,0.9268067749262773
4,160719,d[kappa]/d[t],long,0.11594774151374859,0.12868899751654378,1.1098879187852337
4,160719,r[q95]/r[kappa],short,0.022635660422641857,0.014344065217300812,0.6336932499195909
4,160719,r[q95]/r[kappa],long,0.022635660422641857,0.026425292680274902,1.1674186742014034
4,160719,d[pcdiamag3]/d[betan],short,0.18631387388003381,0.14516207945649637,0.7791265160959748
4,160719,d[pcdiamag3]/d[betan],long,0.18631387388003381,0.1537958455997725,0.8254664153395239
4,160719,d[kappa]/d[betan],short,0.25080394948525075,0.20868668278622782,0.8320709590679688
4,160719,d[kappa]/d[betan],long,0.25080394948525075,0.24590686214542998,0.9804744408934847
4,160719,d[betan]/d[t],short,0.10292406712304068,0.09306475139047446,0.9042078688866735
4,160719,d[betan]/d[t],long,0.10292406712304068,0.11029044828369804,1.0715710267439211
4,160719,d[li]/d[betan],short,0.01565929714859246,0.014962996034989264,0.9555343316499528
4,160719,d[li]/d[betan],long,0.01565929714859246,0.013964267229124921,0.8917556833244723
5,160720,d[pcdiamag3]/d[kappa],short,0.2542885696916685,0.25823809072607157,1.0155316498857614
5,160720,d[pcdiamag3]/d[kappa],long,0.2542885696916685,0.2568490493938252,1.0100691891313098
5,160720,d[kappa]/d[t],short,0.11325427481685066,0.11328115862952581,1.0002373756992187
5,160720,d[kappa]/d[t],long,0.11325427481685066,0.1072969860433244,0.9473989941380928
5,160720,r[q95]/r[kappa],short,0.041144535852246006,0.024606530521273328,0.5980509929589959
5,160720,r[q95]/r[kappa],long,0.041144535852246006,0.0496590115421885,1.2069406183245714
5,160720,d[pcdiamag3]/d[betan],short,0.35368414418220695,0.35237495367232863,0.9962984189949865
5,160720,d[pcdiamag3]/d[betan],long,0.35368414418220695,0.36464139859010203,1.030980338214566
5,160720,d[kappa]/d[betan],short,0.3715885432572488,0.3784868207395426,1.018564290012346
5,160720,d[kappa]/d[betan],long,0.3715885432572488,0.3746672733766862,1.0082853203504312
5,160720,d[betan]/d[t],short,0.12137519109672323,0.12416983466106955,1.0230248334860974
5,160720,d[betan]/d[t],long,0.12137519109672323,0.11000608766517762,0.9063309122002821
5,160720,d[li]/d[betan],short,0.04296658042905439,0.038548605526391874,0.8971764832447326
5,160720,d[li]/d[betan],long,0.04296658042905439,0.0479103805829496,1.1150615223396054
6,160721,d[pcdiamag3]/d[kappa],short,0.16198393491781687,0.1282134326722917,0.7915194351670767
6,160721,d[pcdiamag3]/d[kappa],long,0.16198393491781687,0.1683373292593601,1.0392223731616694
6,160721,d[kappa]/d[t],short,0.0720691439332564,0.07135239509666547,0.990054705835611
6,160721,d[kappa]/d[t],long,0.0720691439332564,0.07097602710511441,0.9848323877808883
6,160721,r[q95]/r[kappa],short,0.02305908174827145,0.020797789696823065,0.9019348612344983
6,160721,r[q95]/r[kappa],long,0.02305908174827145,0.031051755654873437,1.3466171807643548
6,160721,d[pcdiamag3]/d[betan],short,0.24784005408912238,0.19710706850168164,0.79529948952804
6,160721,d[pcdiamag3]/d[betan],long,0.24784005408912238,0.2548628143016917,1.0283358565199592
6,160721,d[kappa]/d[betan],short,0.285196216827365,0.23969883892953314,0.840469910842565
6,160721,d[kappa]/d[betan],long,0.285196216827365,0.2905512224607667,1.018776566158457
6,160721,d[betan]/d[t],short,0.056836248286991055,0.05272171821081494,0.9276072893587033
6,160721,d[betan]/d[t],long,0.056836248286991055,0.05821446399531706,1.0242488860518337
6,160721,d[li]/d[betan],short,0.01330679784142577,0.0123151616250973,0.9254789748708511
6,160721,d[li]/d[betan],long,0.01330679784142577,0.011633933182695833,0.874284957307838
7,161136,d[pcdiamag3]/d[kappa],short,0.5157395792049887,0.4894466614174365,0.9490190032960363
7,161136,d[pcdiamag3]/d[kappa],long,0.5157395792049887,0.5346814562093449,1.036727600068147
7,161136,d[kappa]/d[t],short,0.1937159268901289,0.1906785265393887,0.9843203375194651
7,161136,d[kappa]/d[t],long,0.1937159268901289,0.19991054670767028,1.031977854980679
7,161136,r[q95]/r[kappa],short,0.014478614028935166,0.008329155662877483,0.5752729954836346
7,161136,r[q95]/r[kappa],long,0.014478614028935166,0.011940890956422878,0.824726105175431
7,161136,d[pcdiamag3]/d[betan],short,0.6782059631693917,0.6424252243035478,0.9472420756983109
7,161136,d[pcdiamag3]/d[betan],long,0.6782059631693917,0.7036512327048688,1.0375184986822665
7,161136,d[kappa]/d[betan],short,0.8029704549544867,0.7712733426194988,0.9605251822910651
7,161136,d[kappa]/d[betan],long,0.8029704549544867,0.8346156187894748,1.039410122302421
7,161136,d[betan]/d[t],short,0.2223268373021705,0.22000327542106154,0.9895488915809478
7,161136,d[betan]/d[t],long,0.2223268373021705,0.22486804250460463,1.0114300425142975
7,161136,d[li]/d[betan],short,0.00564696056606544,0.005981818168840703,1.0592987322749305
7,161136,d[li]/d[betan],long,0.00564696056606544,0.004909073772693543,0.8693302733851223
8,161138,d[pcdiamag3]/d[kappa],short,0.43302921142017925,0.39181502407528196,0.9048235401724273
8,161138,d[pcdiamag3]/d[kappa],long,0.43302921142017925,0.43448569346515176,1.0033634729633938
8,161138,d[kappa]/d[t],short,0.1472764824049453,0.13681569219485268,0.9289717540826986
8,161138,d[kappa]/d[t],long,0.1472764824049453,0.1514864238790997,1.0285852934929411
8,161138,r[q95]/r[kappa],short,0.005152978064360861,0.005892383277202462,1.143490852009316
8,161138,r[q95]/r[kappa],long,0.005152978064360861,0.006283560757160036,1.219403746469894
8,161138,d[pcdiamag3]/d[betan],short,0.5604147965205193,0.5068722722239354,0.9044591173733858
8,161138,d[pcdiamag3]/d[betan],long,0.5604147965205193,0.5634396524161625,1.005397530390744
8,161138,d[kappa]/d[betan],short,0.6506363414344829,0.6014981211354471,0.9244766743420759
8,161138,d[kappa]/d[betan],long,0.6506363414344829,0.6489817588734027,0.9974569779526405
8,161138,d[betan]/d[t],short,0.1686302033375915,0.158517647750081,0.9400311724272403
8,161138,d[betan]/d[t],long,0.1686302033375915,0.170458172897778,1.0108401076675806
8,161138,d[li]/d[betan],short,0.004400244321225895,0.004736639372196318,1.0764491756393262
8,161138,d[li]/d[betan],long,0.004400244321225895,0.0036993639270397564,0.840717845869132
9,161145,d[pcdiamag3]/d[kappa],short,0.4361510452308091,0.3775960776986517,0.8657461258606609
9,161145,d[pcdiamag3]/d[kappa],long,0.4361510452308091,0.4682411823598923,1.0735757428074033
9,161145,d[kappa]/d[t],short,0.28245788023574425,0.24176695676554807,0.8559398539837668
9,161145,d[kappa]/d[t],long,0.28245788023574425,0.2954346522994806,1.0459423261723295
9,161145,r[q95]/r[kappa],short,0.010049879085573235,0.012131861764205262,1.2071649480459463
9,161145,r[q95]/r[kappa],long,0.010049879085573235,0.00847146808195004,0.8429422891376004
9,161145,d[pcdiamag3]/d[betan],short,0.5706734401996518,0.4940093305088147,0.8656602808358895
9,161145,d[pcdiamag3]/d[betan],long,0.5706734401996518,0.6139870120461179,1.0758990497811
9,161145,d[kappa]/d[betan],short,0.7456298658496732,0.6576213785247421,0.8819675936335477
9,161145,d[kappa]/d[betan],long,0.7456298658496732,0.7887442497568241,1.0578227695560711
9,161145,d[betan]/d[t],short,0.3028265631995105,0.2619412155071678,0.8649875781689363
9,161145,d[betan]/d[t],long,0.3028265631995105,0.3133899485375083,1.0348826246495335
9,161145,d[li]/d[betan],short,0.007150566992072408,0.008468417857034873,1.1843001913585784
9,161145,d[li]/d[betan],long,0.007150566992072408,0.005745456249389629,0.8034965976486366
10,161414,d[pcdiamag3]/d[kappa],short,0.1254266692012478,0.09033834175977873,0.720248272038777
10,161414,d[pcdiamag3]/d[kappa],long,0.1254266692012478,0.14916635141720022,1.1892714074856026
10,161414,d[kappa]/d[t],short,0.09629618738463104,0.06973546076090223,0.7241767577189806
10,161414,d[kappa]/d[t],long,0.09629618738463104,0.1174366686691903,1.2195360154822918
10,161414,r[q95]/r[kappa],short,0.005951651556773503,0.005046502909609948,0.8479163911848528
10,161414,r[q95]/r[kappa],long,0.005951651556773503,0.006205763274115604,1.0426960004155246
10,161414,d[pcdiamag3]/d[betan],short,0.057906094627762354,0.041676530554143124,0.7197261501065055
10,161414,d[pcdiamag3]/d[betan],long,0.057906094627762354,0.06883647511259183,1.1887604500889248
10,161414,d[kappa]/d[betan],short,0.0358714866446964,0.040129293249573185,1.1186961289630628
10,161414,d[kappa]/d[betan],long,0.0358714866446964,0.032581545635343746,0.9082853453513062
10,161414,d[betan]/d[t],short,0.0930255658491919,0.06750594454868825,0.7256708834012853
10,161414,d[betan]/d[t],long,0.0930255658491919,0.11267887346054628,1.211267810434113
10,161414,d[li]/d[betan],short,0.0032283917499884977,0.0033016700963668867,1.0226980961581342
10,161414,d[li]/d[betan],long,0.0032283917499884977,0.003359816480072317,1.040709040370719
11,165017,d[pcdiamag3]/d[kappa],short,0.25811567561765225,0.20127714156404342,0.7797943347780056
11,165017,d[pcdiamag3]/d[kappa],long,0.25811567561765225,0.29056014773557237,1.1256974108228093
11,165017,d[kappa]/d[t],short,0.1405004551837402,0.10736470824295759,0.7641591488266003
11,165017,d[kappa]/d[t],long,0.1405004551837402,0.1609152608359683,1.1453006371084662
11,165017,r[q95]/r[kappa],short,0.01671151526051065,0.011846282650382164,0.7088694511367409
11,165017,r[q95]/r[kappa],long,0.01671151526051065,0.01679198764843189,1.0048153854791606
11,165017,d[pcdiamag3]/d[betan],short,0.17884502546284958,0.1397218640561289,0.7812454592713943
11,165017,d[pcdiamag3]/d[betan],long,0.17884502546284958,0.2014519651825976,1.126405191652607
11,165017,d[kappa]/d[betan],short,0.11323036835458765,0.09892649032123495,0.8736745429586511
11,165017,d[kappa]/d[betan],long,0.11323036835458765,0.12171187645688045,1.0749048883752756
11,165017,d[betan]/d[t],short,0.1308023677001745,0.1009643253127822,0.771884539156142
11,165017,d[betan]/d[t],long,0.1308023677001745,0.14898391942025205,1.1390001728543033
11,165017,d[li]/d[betan],short,0.008229094875270154,0.007407404459162007,0.900148141616599
11,165017,d[li]/d[betan],long,0.008229094875270154,0.008224914346737906,0.9994919819741281
12,165022,d[pcdiamag3]/d[kappa],short,0.3480980875211081,0.3221716975594431,0.9255198724408568
12,165022,d[pcdiamag3]/d[kappa],long,0.3480980875211081,0.3724396011022229,1.069927168386519
12,165022,d[kappa]/d[t],short,0.1807492103390327,0.168020952075609,0.9295805594970503
12,165022,d[kappa]/d[t],long,0.1807492103390327,0.20769101608888618,1.1490562846682282
12,165022,r[q95]/r[kappa],short,0.0397128016646098,0.032273475417553814,0.8126718353974413
12,165022,r[q95]/r[kappa],long,0.0397128016646098,0.03608154815510607,0.9085621422489404
12,165022,d[pcdiamag3]/d[betan],short,0.22331671798519498,0.21209785666052153,0.9497625550568132
12,165022,d[pcdiamag3]/d[betan],long,0.22331671798519498,0.23712643450020188,1.061839152212157
12,165022,d[kappa]/d[betan],short,0.17527790317380382,0.1925650737320117,1.0986272099630552
12,165022,d[kappa]/d[betan],long,0.17527790317380382,0.16350229234014446,0.9328174822927696
12,165022,d[betan]/d[t],short,0.19050682302538455,0.1830605857327175,0.9609135401324926
12,165022,d[betan]/d[t],long,0.19050682302538455,0.2112648091957002,1.1089619040445002
12,165022,d[li]/d[betan],short,0.023639622296081058,0.023185700464075854,0.980798262073695
12,165022,d[li]/d[betan],long,0.023639622296081058,0.02331932773225221,0.9864509441048501
13,165026,d[pcdiamag3]/d[kappa],short,0.2582380121083648,0.2302477847950703,0.8916107389273513
13,165026,d[pcdiamag3]/d[kappa],long,0.2582380121083648,0.31846326250545043,1.2332160548533497
13,165026,d[kappa]/d[t],short,0.18325933029184865,0.16472986566791148,0.8988893793596807
13,165026,d[kappa]/d[t],long,0.18325933029184865,0.23135831512675403,1.2624640434858314
13,165026,r[q95]/r[kappa],short,0.014354375446374506,0.013456966408618477,0.9374818471824474
13,165026,r[q95]/r[kappa],long,0.014354375446374506,0.019025190492112123,1.3253931223399904
13,165026,d[pcdiamag3]/d[betan],short,0.14109839089646634,0.12660162222645774,0.8972577321548141
13,165026,d[pcdiamag3]/d[betan],long,0.14109839089646634,0.1724694911893413,1.2223349259588148
13,165026,d[kappa]/d[betan],short,0.07422714322917835,0.07479022334943859,1.0075859058528052
13,165026,d[kappa]/d[betan],long,0.07422714322917835,0.06816934737716294,0.9183884009477138
13,165026,d[betan]/d[t],short,0.17976845593896945,0.16105700555154723,0.8959136057007934
13,165026,d[betan]/d[t],long,0.17976845593896945,0.22529119653217383,1.2532298581273784
13,165026,d[li]/d[betan],short,0.010957438896632166,0.01145795322551486,1.0456780396955245
13,165026,d[li]/d[betan],long,0.010957438896632166,0.012151635156801618,1.1089849801065637
14,165027,d[pcdiamag3]/d[kappa],short,0.3028208516084898,0.25274765309915215,0.8346441526619937
14,165027,d[pcdiamag3]/d[kappa],long,0.3028208516084898,0.34254472909994327,1.1311794656162266
14,165027,d[kappa]/d[t],short,0.17334358189514573,0.14692982169728713,0.8476219314895839
14,165027,d[kappa]/d[t],long,0.17334358189514573,0.19572801120947014,1.129133303175098
14,165027,r[q95]/r[kappa],short,0.030148214969887344,0.025638275717799,0.8504077519483719
14,165027,r[q95]/r[kappa],long,0.030148214969887344,0.026287351251149033,0.8719372366624196
14,165027,d[pcdiamag3]/d[betan],short,0.29351053188213877,0.2460651339173981,0.838351974423209
14,165027,d[pcdiamag3]/d[betan],long,0.29351053188213877,0.33152538630696565,1.1295178547122489
14,165027,d[kappa]/d[betan],short,0.19795971827369258,0.1843998967548259,0.9315021175160482
14,165027,d[kappa]/d[betan],long,0.19795971827369258,0.20817319333709747,1.051593703772012
14,165027,d[betan]/d[t],short,0.1390342113396473,0.11936916123303354,0.8585596313516335
14,165027,d[betan]/d[t],long,0.1390342113396473,0.15305797480765887,1.1008655591518532
14,165027,d[li]/d[betan],short,0.018850560875856598,0.015973136915708668,0.847356055923295
14,165027,d[li]/d[betan],long,0.018850560875856598,0.018601348397485857,0.9867795722359162
15,165028,d[pcdiamag3]/d[kappa],short,0.2664153504634651,0.2445788147516516,0.9180357450356114
15,165028,d[pcdiamag3]/d[kappa],long,0.2664153504634651,0.2943135245798774,1.1047168418331699
15,165028,d[kappa]/d[t],short,0.16021858851765708,0.146266167255494,0.912916338913906
15,165028,d[kappa]/d[t],long,0.16021858851765708,0.17485918864337827,1.0913789109064995
15,165028,r[q95]/r[kappa],short,0.011678791009407559,0.011531827927312294,0.9874162418029513
15,165028,r[q95]/r[kappa],long,0.011678791009407559,0.012526338091442909,1.072571474337674
15,165028,d[pcdiamag3]/d[betan],short,0.1760948157237575,0.16140668485272547,0.9165896462615094
15,165028,d[pcdiamag3]/d[betan],long,0.1760948157237575,0.19509558763723195,1.1079008023909127
15,165028,d[kappa]/d[betan],short,0.10536903777549086,0.10553800109389203,1.0016035385912907
15,165028,d[kappa]/d[betan],long,0.10536903777549086,0.11123151133715856,1.0556375353275766
15,165028,d[betan]/d[t],short,0.15015975926575548,0.1371081540094768,0.9130818714674374
15,165028,d[betan]/d[t],long,0.15015975926575548,0.16595787885126348,1.1052087434260407
15,165028,d[li]/d[betan],short,0.006265771499600488,0.005798257861780591,0.9253861016395775
15,165028,d[li]/d[betan],long,0.006265771499600488,0.00569741586583759,0.9092919948006328
16,165029,d[pcdiamag3]/d[kappa],short,0.23393092114788025,0.16795459142137154,0.7179666142347968
16,165029,d[pcdiamag3]/d[kappa],long,0.23393092114788025,0.2526072833595806,1.0798370823320658
16,165029,d[kappa]/d[t],short,0.15632528377763064,0.11925428913222703,0.7628598922095222
16,165029,d[kappa]/d[t],long,0.15632528377763064,0.175457020581146,1.1223841488797726
16,165029,r[q95]/r[kappa],short,0.019392072849277804,0.010362978426066604,0.5343925070110288
16,165029,r[q95]/r[kappa],long,0.019392072849277804,0.02694484639277369,1.3894773705831955
16,165029,d[pcdiamag3]/d[betan],short,0.14531075367369026,0.1063548499640769,0.7319131397728936
16,165029,d[pcdiamag3]/d[betan],long,0.14531075367369026,0.15730942089420755,1.0825724656790399
16,165029,d[kappa]/d[betan],short,0.08250615295255526,0.07621486252312845,0.9237476211859557
16,165029,d[kappa]/d[betan],long,0.08250615295255526,0.07350021759795819,0.8908452881110968
16,165029,d[betan]/d[t],short,0.15259424557774726,0.11987760900731026,0.7855971799816753
16,165029,d[betan]/d[t],long,0.15259424557774726,0.17195226624019538,1.1268594407944696
16,165029,d[li]/d[betan],short,0.008796955787517687,0.009458234693790788,1.0751713345212373
16,165029,d[li]/d[betan],long,0.008796955787517687,0.008409298623529703,0.9559328052393988
17,165031,d[pcdiamag3]/d[kappa],short,0.31710635078448063,0.24024826807307603,0.7576267945398499
17,165031,d[pcdiamag3]/d[kappa],long,0.31710635078448063,0.35609607640566326,1.122954729619025
17,165031,d[kappa]/d[t],short,0.2270920828463131,0.1662243068302254,0.7319687447788247
17,165031,d[kappa]/d[t],long,0.2270920828463131,0.26243864561567337,1.1556485912072958
17,165031,r[q95]/r[kappa],short,0.016869203535036625,0.013490228023075743,0.7996956107060009
17,165031,r[q95]/r[kappa],long,0.016869203535036625,0.02009761319107634,1.1913789023490797
17,165031,d[pcdiamag3]/d[betan],short,0.17533210298804824,0.13232886581660372,0.754732667671381
17,165031,d[pcdiamag3]/d[betan],long,0.17533210298804824,0.19697761689176926,1.1234543676533406
17,165031,d[kappa]/d[betan],short,0.07200262076432817,0.056082323180814464,0.7788928039769104
17,165031,d[kappa]/d[betan],long,0.07200262076432817,0.07116615966904308,0.9883829076440994
17,165031,d[betan]/d[t],short,0.2205434175711257,0.1613938611631649,0.7318008532769487
17,165031,d[betan]/d[t],long,0.2205434175711257,0.25522392153865353,1.1572502337610786
17,165031,d[li]/d[betan],short,0.008337720751130168,0.00733713764773946,0.8799932099841602
17,165031,d[li]/d[betan],long,0.008337720751130168,0.0069463479008066795,0.8331231169938472
18,165042,d[pcdiamag3]/d[kappa],short,0.23488170695331806,0.1465757073268777,0.6240405403559525
18,165042,d[pcdiamag3]/d[kappa],long,0.23488170695331806,0.29447774062409954,1.2537278634586249
18,165042,d[kappa]/d[t],short,0.16829924608800584,0.11757143250985098,0.6985856160542198
18,165042,d[kappa]/d[t],long,0.16829924608800584,0.2136707484988832,1.2695882689049645
18,165042,r[q95]/r[kappa],short,0.013998389227736156,0.009274944436146716,0.662572263512208
18,165042,r[q95]/r[kappa],long,0.013998389227736156,0.019108651148586012,1.365060710751142
18,165042,d[pcdiamag3]/d[betan],short,0.12119181057708525,0.07637947775610222,0.6302362956077768
18,165042,d[pcdiamag3]/d[betan],long,0.12119181057708525,0.15204810008372466,1.254607051084625
18,165042,d[kappa]/d[betan],short,0.06977231016126863,0.05471065604109893,0.7841313540377602
18,165042,d[kappa]/d[betan],long,0.06977231016126863,0.07162876742484144,1.02660736414318
18,165042,d[betan]/d[t],short,0.16437584278637019,0.11390395146120161,0.692948243065347
18,165042,d[betan]/d[t],long,0.16437584278637019,0.20815736430534085,1.266350096077498
18,165042,d[li]/d[betan],short,0.00430670400799404,0.004543519112512492,1.0549875505903874
18,165042,d[li]/d[betan],long,0.00430670400799404,0.004967964743604321,1.1535421831594894
19,165043,d[pcdiamag3]/d[kappa],short,0.18969214811588372,0.13436430748032457,0.708328250878577
19,165043,d[pcdiamag3]/d[kappa],long,0.18969214811588372,0.2410436522274918,1.2707096979060828
19,165043,d[kappa]/d[t],short,0.13129008664519912,0.09526669465528148,0.7256198627755599
19,165043,d[kappa]/d[t],long,0.13129008664519912,0.16647075343135964,1.2679613342112583
19,165043,r[q95]/r[kappa],short,0.011175744260656444,0.00806627364532978,0.7217661264606694
19,165043,r[q95]/r[kappa],long,0.011175744260656444,0.011409428375043894,1.020909937534013
19,165043,d[pcdiamag3]/d[betan],short,0.09116005232340545,0.06491715243061906,0.71212280791935
19,165043,d[pcdiamag3]/d[betan],long,0.09116005232340545,0.11522465262374115,1.263981861429404
19,165043,d[kappa]/d[betan],short,0.049101413675806636,0.0435875938197175,0.8877054764146882
19,165043,d[kappa]/d[betan],long,0.049101413675806636,0.056458852499893866,1.1498416903566924
19,165043,d[betan]/d[t],short,0.127568089727286,0.0928771218433897,0.7280592038490261
19,165043,d[betan]/d[t],long,0.127568089727286,0.16259487248873736,1.2745732325092431
19,165043,d[li]/d[betan],short,0.007156432660099174,0.006124030861522719,0.8557379287122359
19,165043,d[li]/d[betan],long,0.007156432660099174,0.00743628249705407,1.0391046559431998
20,165860,d[pcdiamag3]/d[kappa],short,0.2957586699141835,0.2569970380788743,0.8689416886863975
20,165860,d[pcdiamag3]/d[kappa],long,0.2957586699141835,0.33539986365251256,1.1340322288771116
20,165860,d[kappa]/d[t],short,0.21980252826186245,0.1897314673709983,0.8631905595961128
20,165860,d[kappa]/d[t],long,0.21980252826186245,0.18524955801439574,0.8427999417445156
20,165860,r[q95]/r[kappa],short,0.020402368658750298,0.01686985705574522,0.8268577701888129
20,165860,r[q95]/r[kappa],long,0.020402368658750298,0.01841506532452635,0.9025944797163283
20,165860,d[pcdiamag3]/d[betan],short,0.2609914842952428,0.2276506207957275,0.8722530599435198
20,165860,d[pcdiamag3]/d[betan],long,0.2609914842952428,0.2956388833004498,1.132752986553429
20,165860,d[kappa]/d[betan],short,0.40642384204399506,0.36730713741300713,0.9037539125798765
20,165860,d[kappa]/d[betan],long,0.40642384204399506,0.4473863589553394,1.1007876819069808
20,165860,d[betan]/d[t],short,0.23069133079704757,0.1984055761633746,0.8600478200800815
20,165860,d[betan]/d[t],long,0.23069133079704757,0.1956458999158511,0.8480851848220131
20,165860,d[li]/d[betan],short,0.017242998356909393,0.017260094797770225,1.0009915004633159
20,165860,d[li]/d[betan],long,0.017242998356909393,0.013939109656097218,0.808392448202659
21,165861,d[pcdiamag3]/d[kappa],short,0.2423837821306425,0.20446797209581966,0.8435711758372207
21,165861,d[pcdiamag3]/d[kappa],long,0.2423837821306425,0.2432195334005072,1.003448049463199
21,165861,d[kappa]/d[t],short,0.13098858498341773,0.11570889905049288,0.8833510115796729
21,165861,d[kappa]/d[t],long,0.13098858498341773,0.1307301957946163,0.9980273915560266
21,165861,r[q95]/r[kappa],short,0.011853616805925365,0.009880841074845315,0.8335718318399886
21,165861,r[q95]/r[kappa],long,0.011853616805925365,0.012194610935003153,1.028767095702495
21,165861,d[pcdiamag3]/d[betan],short,0.17534225619630975,0.14822908028349274,0.8453699838191744
21,165861,d[pcdiamag3]/d[betan],long,0.17534225619630975,0.17618369894334757,1.0047988589019565
21,165861,d[kappa]/d[betan],short,0.13907522428335786,0.12480721203086223,0.897407950797719
21,165861,d[kappa]/d[betan],long,0.13907522428335786,0.13807976685495318,0.9928423093794371
21,165861,d[betan]/d[t],short,0.12841069468020705,0.11365480392013079,0.8850883036118986
21,165861,d[betan]/d[t],long,0.12841069468020705,0.12848276973718148,1.000561285468885
21,165861,d[li]/d[betan],short,0.004401715587042216,0.003985770000208377,0.9055037567490262
21,165861,d[li]/d[betan],long,0.004401715587042216,0.004047440513243295,0.9195143196341999
22,165955,d[pcdiamag3]/d[kappa],short,0.1156656929132233,0.08274959734132994,0.7154204090871703
22,165955,d[pcdiamag3]/d[kappa],long,0.1156656929132233,0.14359402683125969,1.2414573692044366
22,165955,d[kappa]/d[t],short,0.0860947331407294,0.06577573901497905,0.7639925999591876
22,165955,d[kappa]/d[t],long,0.0860947331407294,0.10562868740571987,1.2268890738421745
22,165955,r[q95]/r[kappa],short,0.010253788385777734,0.005947841820587966,0.5800628603606833
22,165955,r[q95]/r[kappa],long,0.010253788385777734,0.015220125876045069,1.484341718730444
22,165955,d[pcdiamag3]/d[betan],short,0.06480953753752265,0.04653215947909802,0.7179832050515199
22,165955,d[pcdiamag3]/d[betan],long,0.06480953753752265,0.08087675582850329,1.2479144104627653
22,165955,d[kappa]/d[betan],short,0.043333202860695974,0.02751428970411887,0.6349470587846673
22,165955,d[kappa]/d[betan],long,0.043333202860695974,0.06047629175703629,1.395610934909407
22,165955,d[betan]/d[t],short,0.08402874282240816,0.06457496847516322,0.7684866666592813
22,165955,d[betan]/d[t],long,0.08402874282240816,0.10398247907335632,1.2374632248529347
22,165955,d[li]/d[betan],short,0.004103836524208718,0.0036985292868616793,0.9012369925173642
22,165955,d[li]/d[betan],long,0.004103836524208718,0.0038859541463314475,0.9469076371359046
23,165965,d[pcdiamag3]/d[kappa],short,0.1874756300051022,0.1671667675761943,0.891671987295863
23,165965,d[pcdiamag3]/d[kappa],long,0.1874756300051022,0.23210389919421087,1.2380483756096345
23,165965,d[kappa]/d[t],short,0.12183252743664007,0.10673351553386215,0.8760674819733084
23,165965,d[kappa]/d[t],long,0.12183252743664007,0.14453642650213808,1.1863533453929547
23,165965,r[q95]/r[kappa],short,0.012649534039451047,0.0101550872091331,0.8028032635400536
23,165965,r[q95]/r[kappa],long,0.012649534039451047,0.016074703924147653,1.2707743916900816
23,165965,d[pcdiamag3]/d[betan],short,0.1166339261998395,0.10381644270072495,0.8901050156096598
23,165965,d[pcdiamag3]/d[betan],long,0.1166339261998395,0.14446974055388126,1.2386596701404606
23,165965,d[kappa]/d[betan],short,0.06558326908843602,0.06268206774667441,0.9557630874141021
23,165965,d[kappa]/d[betan],long,0.06558326908843602,0.0841142827569204,1.2825570290418868
23,165965,d[betan]/d[t],short,0.11960634708189849,0.1067554507864043,0.892556736251667
23,165965,d[betan]/d[t],long,0.11960634708189849,0.141237484599813,1.1808527561091868
23,165965,d[li]/d[betan],short,0.003773300258588275,0.003977659082933444,1.0541591737575031
23,165965,d[li]/d[betan],long,0.003773300258588275,0.002959665543996812,0.7843705353846775
24,170394,d[pcdiamag3]/d[kappa],short,0.4636413476281795,0.4284772349543565,0.9241566507091943
24,170394,d[pcdiamag3]/d[kappa],long,0.4636413476281795,0.4553820144287654,0.9821859434201311
24,170394,d[kappa]/d[t],short,0.2251987358525618,0.23566428679775256,1.0464725119595766
24,170394,d[kappa]/d[t],long,0.2251987358525618,0.1910045437792208,0.8481599288562219
24,170394,r[q95]/r[kappa],short,0.050096271476621004,0.03590730146437804,0.7167659469654262
24,170394,r[q95]/r[kappa],long,0.050096271476621004,0.061904130265231984,1.2357033455897062
24,170394,d[pcdiamag3]/d[betan],short,0.707715505077582,0.6588793757325087,0.9309946878446295
24,170394,d[pcdiamag3]/d[betan],long,0.707715505077582,0.6900026112352581,0.9749717312744433
24,170394,d[kappa]/d[betan],short,0.8117704842226735,0.7913781983507686,0.9748792469444946
24,170394,d[kappa]/d[betan],long,0.8117704842226735,0.7424130682255219,0.9145603131116955
24,170394,d[betan]/d[t],short,0.2372729044826726,0.2486901749032393,1.0481187282865643
24,170394,d[betan]/d[t],long,0.2372729044826726,0.21559121720614313,0.9086213096105387
24,170394,d[li]/d[betan],short,0.06368316076365046,0.05905578934807368,0.9273375981956763
24,170394,d[li]/d[betan],long,0.06368316076365046,0.07006984000985338,1.100288352048117
25,170396,d[pcdiamag3]/d[kappa],short,0.2585023595350252,0.24363276032466089,0.9424778975437146
25,170396,d[pcdiamag3]/d[kappa],long,0.2585023595350252,0.2543403458738776,0.9838995138433749
25,170396,d[kappa]/d[t],short,0.10619073767962059,0.1068515691382055,1.0062230611918117
25,170396,d[kappa]/d[t],long,0.10619073767962059,0.09715589966425858,0.9149187752831967
25,170396,r[q95]/r[kappa],short,0.04828572353689764,0.034082985005508375,0.7058605009711221
25,170396,r[q95]/r[kappa],long,0.04828572353689764,0.06251781014924783,1.2947472994056601
25,170396,d[pcdiamag3]/d[betan],short,0.34709485754202124,0.32538523549097115,0.9374533457372737
25,170396,d[pcdiamag3]/d[betan],long,0.34709485754202124,0.3437658856691903,0.9904090429446109
25,170396,d[kappa]/d[betan],short,0.3934845509426246,0.36589903986253547,0.929894296957767
25,170396,d[kappa]/d[betan],long,0.3934845509426246,0.37664990138491433,0.9572164916833903
25,170396,d[betan]/d[t],short,0.11571497151433326,0.11219010632380223,0.969538382592996
25,170396,d[betan]/d[t],long,0.11571497151433326,0.11369914804253427,0.9825794065761813
25,170396,d[li]/d[betan],short,0.018340537362718557,0.018724096548750617,1.0209131923697456
25,170396,d[li]/d[betan],long,0.018340537362718557,0.021090388645813318,1.1499329724484153
26,170411,d[pcdiamag3]/d[kappa],short,0.36790478442205105,0.3348919770764884,0.9102680673277352
26,170411,d[pcdiamag3]/d[kappa],long,0.36790478442205105,0.35818468647667384,0.9735798544706407
26,170411,d[kappa]/d[t],short,0.2149516066678848,0.19486129353988113,0.9065356456765382
26,170411,d[kappa]/d[t],long,0.2149516066678848,0.22982555493255108,1.0691967298837013
26,170411,r[q95]/r[kappa],short,0.024656997155826175,0.018826342716495803,0.763529419155024
26,170411,r[q95]/r[kappa],long,0.024656997155826175,0.03421386187846682,1.3875924007389147
26,170411,d[pcdiamag3]/d[betan],short,0.5636686293765389,0.5147259054084508,0.9131711054733993
26,170411,d[pcdiamag3]/d[betan],long,0.5636686293765389,0.5452052281488017,0.9672442277865274
26,170411,d[kappa]/d[betan],short,0.724938962116164,0.6491966600632518,0.8955190629679852
26,170411,d[kappa]/d[betan],long,0.724938962116164,0.7382115901131058,1.0183086145048634
26,170411,d[betan]/d[t],short,0.20970325408341528,0.19001410748513625,0.9061094846413398
26,170411,d[betan]/d[t],long,0.20970325408341528,0.2239105778553521,1.0677496581254022
26,170411,d[li]/d[betan],short,0.01595631930891009,0.017162565913686124,1.0755967953149062
26,170411,d[li]/d[betan],long,0.01595631930891009,0.01461817298175368,0.9161369046801353
27,186997,d[pcdiamag3]/d[kappa],short,0.29641513195080355,0.23439939036913054,0.7907807837827705
27,186997,d[pcdiamag3]/d[kappa],long,0.29641513195080355,0.30205866774832113,1.0190392972193243
27,186997,d[kappa]/d[t],short,0.22476186671822826,0.19303562961733903,0.8588451076504737
27,186997,d[kappa]/d[t],long,0.22476186671822826,0.22766026440328804,1.0128954156119923
27,186997,r[q95]/r[kappa],short,0.0191402779272565,0.020895191866904025,1.0916869622434984
27,186997,r[q95]/r[kappa],long,0.0191402779272565,0.019466485800838942,1.0170430061058253
27,186997,d[pcdiamag3]/d[betan],short,0.48465696978822964,0.383731146352962,0.7917582337062689
27,186997,d[pcdiamag3]/d[betan],long,0.48465696978822964,0.4931289177345877,1.017480297353526
27,186997,d[kappa]/d[betan],short,0.6536458117732544,0.5192526086820886,0.7943944554213914
27,186997,d[kappa]/d[betan],long,0.6536458117732544,0.6596367818687169,1.0091654684961704
27,186997,d[betan]/d[t],short,0.23136690373611749,0.19706845515975402,0.8517573256048628
27,186997,d[betan]/d[t],long,0.23136690373611749,0.23554990942191587,1.0180795334952844
27,186997,d[li]/d[betan],short,0.007970919235922287,0.008700444911626129,1.091523405784244
27,186997,d[li]/d[betan],long,0.007970919235922287,0.008194329354459783,1.02802814981861
28,187017,d[pcdiamag3]/d[kappa],short,0.30106524195786927,0.22942895459576834,0.7620572640792377
28,187017,d[pcdiamag3]/d[kappa],long,0.30106524195786927,0.341789831155652,1.1352683190292705
28,187017,d[kappa]/d[t],short,0.08043639472834621,0.0708182166785807,0.880425047862359
28,187017,d[kappa]/d[t],long,0.08043639472834621,0.08449197896484306,1.0504197664526427
28,187017,r[q95]/r[kappa],short,0.01777402821054712,0.01622262857217659,0.9127153608628324
28,187017,r[q95]/r[kappa],long,0.01777402821054712,0.020174185078019807,1.1350373049395353
28,187017,d[pcdiamag3]/d[betan],short,0.4001250721098929,0.3055330334321991,0.763593822854182
28,187017,d[pcdiamag3]/d[betan],long,0.4001250721098929,0.4541491807797615,1.13501805419239
28,187017,d[kappa]/d[betan],short,0.44658999397154714,0.34130588019389263,0.7642488295777556
28,187017,d[kappa]/d[betan],long,0.44658999397154714,0.5071579207793487,1.1356231165619428
28,187017,d[betan]/d[t],short,0.09060106518941329,0.07401082226092331,0.8168868887600081
28,187017,d[betan]/d[t],long,0.09060106518941329,0.09845481834898086,1.086684998053248
28,187017,d[li]/d[betan],short,0.010011646659746236,0.008643255210736453,0.8633200415959017
28,187017,d[li]/d[betan],long,0.010011646659746236,0.00990561497246198,0.9894091660554137
29,187018,d[pcdiamag3]/d[kappa],short,0.2982418181823052,0.22228928435624729,0.7453323806535023
29,187018,d[pcdiamag3]/d[kappa],long,0.2982418181823052,0.39240177903402806,1.3157168281282563
29,187018,d[kappa]/d[t],short,0.11366641515493277,0.09825904251963323,0.8644509672069853
29,187018,d[kappa]/d[t],long,0.11366641515493277,0.13402653053265023,1.1791216460021587
29,187018,r[q95]/r[kappa],short,0.016867915673516618,0.013539989776841564,0.8027067504314804
29,187018,r[q95]/r[kappa],long,0.016867915673516618,0.018619102990941695,1.1038176471425818
29,187018,d[pcdiamag3]/d[betan],short,0.3849828757826501,0.2871593841017908,0.7459017067136039
29,187018,d[pcdiamag3]/d[betan],long,0.3849828757826501,0.50596364894207,1.3142497517934297
29,187018,d[kappa]/d[betan],short,0.446684362177412,0.3350645380816088,0.7501147710842152
29,187018,d[kappa]/d[betan],long,0.446684362177412,0.5784348532700762,1.294952100965502
29,187018,d[betan]/d[t],short,0.11705517110171772,0.09679602806384935,0.8269265437212974
29,187018,d[betan]/d[t],long,0.11705517110171772,0.1407219845604625,1.202185116949492
29,187018,d[li]/d[betan],short,0.010704367590707793,0.009754574090919909,0.9112704705121218
29,187018,d[li]/d[betan],long,0.010704367590707793,0.010001188260641577,0.9343091197019838
30,187019,d[pcdiamag3]/d[kappa],short,0.2984841459655644,0.2122546367213519,0.7111085784296183
30,187019,d[pcdiamag3]/d[kappa],long,0.2984841459655644,0.3540859404954644,1.1862805622390191
30,187019,d[kappa]/d[t],short,0.10924570307387828,0.0812509605834352,0.7437451386851147
30,187019,d[kappa]/d[t],long,0.10924570307387828,0.13333876846222162,1.2205401650630505
30,187019,r[q95]/r[kappa],short,0.015243378428050786,0.011209337559563428,0.7353578219205874
30,187019,r[q95]/r[kappa],long,0.015243378428050786,0.016808698618912002,1.1026885344511044
30,187019,d[pcdiamag3]/d[betan],short,0.4015630398692994,0.2858210342208071,0.7117712683762811
30,187019,d[pcdiamag3]/d[betan],long,0.4015630398692994,0.47591656790493914,1.1851602878089555
30,187019,d[kappa]/d[betan],short,0.4861903546946687,0.3426767192289039,0.7048200687652614
30,187019,d[kappa]/d[betan],long,0.4861903546946687,0.5826097308901586,1.1983161024575257
30,187019,d[betan]/d[t],short,0.11497508846393002,0.08292635624912464,0.7212549897288366
30,187019,d[betan]/d[t],long,0.11497508846393002,0.1394097151326566,1.2125210512570381
30,187019,d[li]/d[betan],short,0.009288145376927539,0.008368808468827352,0.9010204006512657
30,187019,d[li]/d[betan],long,0.009288145376927539,0.008109241302641979,0.873074330079402
31,187020,d[pcdiamag3]/d[kappa],short,0.2818645709421484,0.22070975135888116,0.7830347411920039
31,187020,d[pcdiamag3]/d[kappa],long,0.2818645709421484,0.2903455895414742,1.0300889841209078
31,187020,d[kappa]/d[t],short,0.1540204783011979,0.1266790648046563,0.8224819595542721
31,187020,d[kappa]/d[t],long,0.1540204783011979,0.17179557569424617,1.115407363936935
31,187020,r[q95]/r[kappa],short,0.017781961238772667,0.016868760564839592,0.9486445470400174
31,187020,r[q95]/r[kappa],long,0.017781961238772667,0.01786770530956424,1.0048219692776974
31,187020,d[pcdiamag3]/d[betan],short,0.3902398712712819,0.30801950231416075,0.789308128128289
31,187020,d[pcdiamag3]/d[betan],long,0.3902398712712819,0.3988705336129323,1.022116300708929
31,187020,d[kappa]/d[betan],short,0.48416836045264783,0.36311815581202306,0.7499832402772953
31,187020,d[kappa]/d[betan],long,0.48416836045264783,0.528421379584089,1.0914000639985397
31,187020,d[betan]/d[t],short,0.1584510906464668,0.12840509123182392,0.8103768216926838
31,187020,d[betan]/d[t],long,0.1584510906464668,0.17833759763608426,1.1255056491468824
31,187020,d[li]/d[betan],short,0.014036780771508026,0.012880956598964988,0.9176574606842862
31,187020,d[li]/d[betan],long,0.014036780771508026,0.014689929493904227,1.046531233409367
32,187021,d[pcdiamag3]/d[kappa],short,0.308570043495446,0.22820545268204245,0.7395580273994086
32,187021,d[pcdiamag3]/d[kappa],long,0.308570043495446,0.35102303912974353,1.1375797700690378
32,187021,d[kappa]/d[t],short,0.1552813461459816,0.1254481828368113,0.8078767086348888
32,187021,d[kappa]/d[t],long,0.1552813461459816,0.17807186714595807,1.1467692132096132
32,187021,r[q95]/r[kappa],short,0.018262181602138834,0.015407927815490077,0.8437068555754962
32,187021,r[q95]/r[kappa],long,0.018262181602138834,0.01885755060979368,1.032601198510921
32,187021,d[pcdiamag3]/d[betan],short,0.4022003051463159,0.29842688581090215,0.741985726993263
32,187021,d[pcdiamag3]/d[betan],long,0.4022003051463159,0.45776343329398905,1.1381479015224985
32,187021,d[kappa]/d[betan],short,0.5088609544807079,0.3867461145346622,0.7600231676830765
32,187021,d[kappa]/d[betan],long,0.5088609544807079,0.5666381530856778,1.1135422124574883
32,187021,d[betan]/d[t],short,0.15778686931958252,0.12316687881163556,0.7805901678812817
32,187021,d[betan]/d[t],long,0.15778686931958252,0.18256347335249593,1.1570257660840557
32,187021,d[li]/d[betan],short,0.010779936369015301,0.010483553445917042,0.9725060600588402
32,187021,d[li]/d[betan],long,0.010779936369015301,0.010636910843057573,0.9867322476624434
33,187022,d[pcdiamag3]/d[kappa],short,0.30517011800931737,0.238178689614502,0.7804784137063814
33,187022,d[pcdiamag3]/d[kappa],long,0.30517011800931737,0.3582127886489696,1.1738134486615481
33,187022,d[kappa]/d[t],short,0.13672209625805817,0.11217216342037617,0.820439171797471
33,187022,d[kappa]/d[t],long,0.13672209625805817,0.162628393451056,1.189481421818602
33,187022,r[q95]/r[kappa],short,0.010719886991881042,0.007942201652578649,0.7408848300913172
33,187022,r[q95]/r[kappa],long,0.010719886991881042,0.011060318811430563,1.03175703436112
33,187022,d[pcdiamag3]/d[betan],short,0.4401519868617735,0.3446666656653216,0.7830628418214113
33,187022,d[pcdiamag3]/d[betan],long,0.4401519868617735,0.5159242754694616,1.1721502818786156
33,187022,d[kappa]/d[betan],short,0.5627713895090929,0.44048942406247704,0.7827146729095743
33,187022,d[kappa]/d[betan],long,0.5627713895090929,0.6658162428196833,1.1831025088188574
33,187022,d[betan]/d[t],short,0.14926235438604063,0.11897335141325957,0.7970754039263999
33,187022,d[betan]/d[t],long,0.14926235438604063,0.17556170433333185,1.1761954650619502
33,187022,d[li]/d[betan],short,0.007554414613957532,0.0073963951204452675,0.9790824965813649
33,187022,d[li]/d[betan],long,0.007554414613957532,0.007153336742100509,0.9469081467785818
34,187024,d[pcdiamag3]/d[kappa],short,0.270423159113629,0.2366312061232727,0.8750404621367575
34,187024,d[pcdiamag3]/d[kappa],long,0.270423159113629,0.26733407005480114,0.9885768324393738
34,187024,d[kappa]/d[t],short,0.09271448689084562,0.07825012922125837,0.8439903174288477
34,187024,d[kappa]/d[t],long,0.09271448689084562,0.10019011286036929,1.0806306136205421
34,187024,r[q95]/r[kappa],short,0.028298042248116006,0.026129811717889726,0.9233787796619903
34,187024,r[q95]/r[kappa],long,0.028298042248116006,0.0275836673627677,0.9747553248000101
34,187024,d[pcdiamag3]/d[betan],short,0.38959824123479186,0.3453999261133202,0.8865541205181253
34,187024,d[pcdiamag3]/d[betan],long,0.38959824123479186,0.3791380209468152,0.9731512640949687
34,187024,d[kappa]/d[betan],short,0.4226424304547627,0.37804832685371886,0.8944873955199871
34,187024,d[kappa]/d[betan],long,0.4226424304547627,0.3943157889169855,0.9329772888460378
34,187024,d[betan]/d[t],short,0.10314537203450108,0.08346757861170302,0.8092227209552665
34,187024,d[betan]/d[t],long,0.10314537203450108,0.11789173097132954,1.142966753097704
34,187024,d[li]/d[betan],short,0.011126429946458783,0.011008587401882614,0.9894087730615998
34,187024,d[li]/d[betan],long,0.011126429946458783,0.013191776620774335,1.1856252800092186
35,189646,d[pcdiamag3]/d[kappa],short,0.09906222898238774,0.0759876882467352,0.7670702449088267
35,189646,d[pcdiamag3]/d[kappa],long,0.09906222898238774,0.1086433639242933,1.0967183460368926
35,189646,d[kappa]/d[t],short,0.05051908190926187,0.04332545496807985,0.8576057467927968
35,189646,d[kappa]/d[t],long,0.05051908190926187,0.08802187814847737,1.7423491247638492
35,189646,r[q95]/r[kappa],short,0.007550304613629184,0.006489076611515973,0.8594456705497114
35,189646,r[q95]/r[kappa],long,0.007550304613629184,0.007629976533309325,1.0105521464041747
35,189646,d[pcdiamag3]/d[betan],short,0.1084648529206235,0.08312281465814121,0.7663571416906009
35,189646,d[pcdiamag3]/d[betan],long,0.1084648529206235,0.14837122884299858,1.367919882319648
35,189646,d[kappa]/d[betan],short,0.07576363072717089,0.06383785784490874,0.8425923788524816
35,189646,d[kappa]/d[betan],long,0.07576363072717089,0.11052845855773547,1.4588590527789411
35,189646,d[betan]/d[t],short,0.04942206736247191,0.04186992114966133,0.8471908073488229
35,189646,d[betan]/d[t],long,0.04942206736247191,0.06019885968057719,1.2180562832198985
35,189646,d[li]/d[betan],short,0.009795678086926878,0.008455270326173828,0.8631633513413641
35,189646,d[li]/d[betan],long,0.009795678086926878,0.009724714619482952,0.9927556350040102
36,189647,d[pcdiamag3]/d[kappa],short,0.370214653658012,0.3128250176762267,0.8449828081770093
36,189647,d[pcdiamag3]/d[kappa],long,0.370214653658012,0.37654307574670987,1.0170939265265895
36,189647,d[kappa]/d[t],short,0.08246023619036297,0.08493234986729374,1.0299794639348687
36,189647,d[kappa]/d[t],long,0.08246023619036297,0.07973925570347332,0.9670025140285905
36,189647,r[q95]/r[kappa],short,0.011665963980144595,0.011021419284985729,0.9447499841198874
36,189647,r[q95]/r[kappa],long,0.011665963980144595,0.010868162572997423,0.9316129032709207
36,189647,d[pcdiamag3]/d[betan],short,0.4320572158328849,0.36629467852745495,0.8477920634222967
36,189647,d[pcdiamag3]/d[betan],long,0.4320572158328849,0.4384963493203711,1.0149034277209614
36,189647,d[kappa]/d[betan],short,0.39335956683282647,0.3458528124751428,0.8792281709577071
36,189647,d[kappa]/d[betan],long,0.39335956683282647,0.39068614639498667,0.993203621665119
36,189647,d[betan]/d[t],short,0.09618656792950359,0.09863324110397376,1.0254367447257537
36,189647,d[betan]/d[t],long,0.09618656792950359,0.09041152005292473,0.9399599341062631
36,189647,d[li]/d[betan],short,0.013118511052755293,0.013232788053936123,1.008711125883133
36,189647,d[li]/d[betan],long,0.013118511052755293,0.012491042684842876,0.9521692389181942
37,189649,d[pcdiamag3]/d[kappa],short,0.1641410313306096,0.1410964290798444,0.8596048650117832
37,189649,d[pcdiamag3]/d[kappa],long,0.1641410313306096,0.18004495545127408,1.0968918252294275
37,189649,d[kappa]/d[t],short,0.11893982661633228,0.0973315598149858,0.8183260610337888
37,189649,d[kappa]/d[t],long,0.11893982661633228,0.1323402579498189,1.1126656370259533
37,189649,r[q95]/r[kappa],short,0.013766459516800509,0.012404274168611387,0.9010504228391026
37,189649,r[q95]/r[kappa],long,0.013766459516800509,0.017794966447420246,1.2926320253731236
37,189649,d[pcdiamag3]/d[betan],short,0.19147429782113642,0.16522736985193337,0.8629219259823467
37,189649,d[pcdiamag3]/d[betan],long,0.19147429782113642,0.2093258224125489,1.093231962694477
37,189649,d[kappa]/d[betan],short,0.12005118141135548,0.11179992916027834,0.9312688792057352
37,189649,d[kappa]/d[betan],long,0.12005118141135548,0.13052855693549636,1.087274239211683
37,189649,d[betan]/d[t],short,0.11368189765116683,0.09497606864813449,0.8354546379896642
37,189649,d[betan]/d[t],long,0.11368189765116683,0.12785665867193804,1.1246879346108858
37,189649,d[li]/d[betan],short,0.018314183007715014,0.0170740583025756,0.9322861028188955
37,189649,d[li]/d[betan],long,0.018314183007715014,0.017041184343023826,0.9304911027614032
38,189650,d[pcdiamag3]/d[kappa],short,0.33677982461102174,0.2935204292043883,0.8715499200208962
38,189650,d[pcdiamag3]/d[kappa],long,0.33677982461102174,0.35638011592851854,1.0581991256160725
38,189650,d[kappa]/d[t],short,0.08926310301026011,0.08444056212238185,0.945973860136535
38,189650,d[kappa]/d[t],long,0.08926310301026011,0.10267766679903582,1.1502811725829503
38,189650,r[q95]/r[kappa],short,0.015597474007097907,0.014070898611731044,0.9021267549685885
38,189650,r[q95]/r[kappa],long,0.015597474007097907,0.016767169919905643,1.0749926502377483
38,189650,d[pcdiamag3]/d[betan],short,0.4202778488327526,0.3661623912055257,0.871238853588111
38,189650,d[pcdiamag3]/d[betan],long,0.4202778488327526,0.4436847041370341,1.0556937639451824
38,189650,d[kappa]/d[betan],short,0.3478996696926922,0.3158774316447747,0.9079555376519778
38,189650,d[kappa]/d[betan],long,0.3478996696926922,0.36549827420095665,1.0505852866253327
38,189650,d[betan]/d[t],short,0.09005232071112503,0.0854470905265974,0.948860505224496
38,189650,d[betan]/d[t],long,0.09005232071112503,0.10622898489558452,1.179636283181982
38,189650,d[li]/d[betan],short,0.024996674424707405,0.023750957380680303,0.9501646889957189
38,189650,d[li]/d[betan],long,0.024996674424707405,0.025439661354105383,1.0177218345876882
39,189651,d[pcdiamag3]/d[kappa],short,0.2895325749381311,0.22364729731790162,0.7724426081096091
39,189651,d[pcdiamag3]/d[kappa],long,0.2895325749381311,0.33660583540551275,1.1625836418490711
39,189651,d[kappa]/d[t],short,0.07422029333916313,0.06025831300194638,0.8118845977418095
39,189651,d[kappa]/d[t],long,0.07422029333916313,0.10607371756687457,1.4291740546234437
39,189651,r[q95]/r[kappa],short,0.011842755257512551,0.013841645047104884,1.1687858733991106
39,189651,r[q95]/r[kappa],long,0.011842755257512551,0.012835721798801318,1.0838459057623255
39,189651,d[pcdiamag3]/d[betan],short,0.3500179628707617,0.2710070096708752,0.7742660046591359
39,189651,d[pcdiamag3]/d[betan],long,0.3500179628707617,0.4063820509931895,1.161031987216148
39,189651,d[kappa]/d[betan],short,0.3262088336390953,0.2638974400434027,0.8089831201057164
39,189651,d[kappa]/d[betan],long,0.3262088336390953,0.3679053997747229,1.1278216952939966
39,189651,d[betan]/d[t],short,0.0802674641710555,0.0591841580090484,0.7373368352950848
39,189651,d[betan]/d[t],long,0.0802674641710555,0.1184738222489667,1.4759881039282534
39,189651,d[li]/d[betan],short,0.011922007033424711,0.012518652402734882,1.0500457152588787
39,189651,d[li]/d[betan],long,0.011922007033424711,0.012499908990232803,1.0484735460385848
40,189652,d[pcdiamag3]/d[kappa],short,0.2057100303812528,0.16626209849226875,0.8082352532063021
40,189652,d[pcdiamag3]/d[kappa],long,0.2057100303812528,0.20933991583353911,1.0176456415156707
40,189652,d[kappa]/d[t],short,0.06080438436163256,0.053890480275633125,0.8862926718428716
40,189652,d[kappa]/d[t],long,0.06080438436163256,0.05420809811241022,0.8915162727412553
40,189652,r[q95]/r[kappa],short,0.010463021083644697,0.011100524106308901,1.0609291539763464
40,189652,r[q95]/r[kappa],long,0.010463021083644697,0.009892720594438839,0.9454937073482277
40,189652,d[pcdiamag3]/d[betan],short,0.24752165381989016,0.1996266148090294,0.8065016200735612
40,189652,d[pcdiamag3]/d[betan],long,0.24752165381989016,0.25109823489343613,1.0144495684250214
40,189652,d[kappa]/d[betan],short,0.2778053298148601,0.2222291042409804,0.7999454308133016
40,189652,d[kappa]/d[betan],long,0.2778053298148601,0.28107776899181575,1.0117796126486684
40,189652,d[betan]/d[t],short,0.05288706229562586,0.0483732405546259,0.9146516833215332
40,189652,d[betan]/d[t],long,0.05288706229562586,0.04936259773741313,0.9333586626817584
40,189652,d[li]/d[betan],short,0.010114824187933623,0.009794059656315156,0.9682876809661123
40,189652,d[li]/d[betan],long,0.010114824187933623,0.008950733469537165,0.8849124120431048
41,195261,d[pcdiamag3]/d[kappa],short,0.1571830541383416,0.13033374325605313,0.8291844433900717
41,195261,d[pcdiamag3]/d[kappa],long,0.1571830541383416,0.15678017592405188,0.997436885187788
41,195261,d[kappa]/d[t],short,0.1322883134823465,0.10890953684344411,0.8232740593368965
41,195261,d[kappa]/d[t],long,0.1322883134823465,0.13345187480629223,1.0087956471234325
41,195261,r[q95]/r[kappa],short,0.005399444760390862,0.004857693552705195,0.8996653856595155
41,195261,r[q95]/r[kappa],long,0.005399444760390862,0.005532468642654316,1.0246365854575017
41,195261,d[pcdiamag3]/d[betan],short,0.050858381440305356,0.04209579625718968,0.8277061728084775
41,195261,d[pcdiamag3]/d[betan],long,0.050858381440305356,0.050716399297472035,0.9972082842824842
41,195261,d[kappa]/d[betan],short,0.05742752695053255,0.04803096737442959,0.8363753399271766
41,195261,d[kappa]/d[betan],long,0.05742752695053255,0.060310357565697,1.0501994560491286
41,195261,d[betan]/d[t],short,0.13297140628171417,0.10953615624167345,0.8237572219820595
41,195261,d[betan]/d[t],long,0.13297140628171417,0.13430658063010859,1.0100410636070487
41,195261,d[li]/d[betan],short,0.0027106364220375106,0.0024836156108488227,0.9162481514142133
41,195261,d[li]/d[betan],long,0.0027106364220375106,0.00281617924560376,1.0389365474126835
42,195264,d[pcdiamag3]/d[kappa],short,0.1677885196519895,0.13729678762245331,0.8182728347995444
42,195264,d[pcdiamag3]/d[kappa],long,0.1677885196519895,0.16336327565768938,0.9736260621198668
42,195264,d[kappa]/d[t],short,0.16008276087591333,0.1311508730087325,0.8192691848336627
42,195264,d[kappa]/d[t],long,0.16008276087591333,0.1596498558266829,0.9972957422344372
42,195264,r[q95]/r[kappa],short,0.006428938556008184,0.0067326904727724405,1.0472475999135715
42,195264,r[q95]/r[kappa],long,0.006428938556008184,0.0062294058284565225,0.9689633481772575
42,195264,d[pcdiamag3]/d[betan],short,0.06593349819057381,0.054588081989053856,0.8279263725894225
42,195264,d[pcdiamag3]/d[betan],long,0.06593349819057381,0.0646596067184146,0.980679146304688
42,195264,d[kappa]/d[betan],short,0.0981849320571775,0.09013917297506932,0.9180550527098833
42,195264,d[kappa]/d[betan],long,0.0981849320571775,0.10458227377738483,1.0651560436634087
42,195264,d[betan]/d[t],short,0.15958871492175247,0.13112309656144588,0.8216313830569767
42,195264,d[betan]/d[t],long,0.15958871492175247,0.15756642576890298,0.9873281193232114
42,195264,d[li]/d[betan],short,0.004668197866127123,0.004651016444157838,0.9963194743532722
42,195264,d[li]/d[betan],long,0.004668197866127123,0.004374497854322682,0.9370849265116861
43,195265,d[pcdiamag3]/d[kappa],short,0.1152439546142379,0.10594483676006343,0.9193092784319766
43,195265,d[pcdiamag3]/d[kappa],long,0.1152439546142379,0.13559378283492013,1.1765804400655904
43,195265,d[kappa]/d[t],short,0.09491720547418944,0.08773265584881144,0.9243071939435407
43,195265,d[kappa]/d[t],long,0.09491720547418944,0.11002836313317542,1.159203566766343
43,195265,r[q95]/r[kappa],short,0.009390627417849757,0.008238011672267316,0.8772589205922047
43,195265,r[q95]/r[kappa],long,0.009390627417849757,0.009796430004020092,1.0432135754207372
43,195265,d[pcdiamag3]/d[betan],short,0.05486916144858407,0.05012086094793631,0.9134613984378431
43,195265,d[pcdiamag3]/d[betan],long,0.05486916144858407,0.0645969410700455,1.1772904736402032
43,195265,d[kappa]/d[betan],short,0.0460630433445766,0.04328257739671779,0.9396378149168227
43,195265,d[kappa]/d[betan],long,0.0460630433445766,0.04752535929430401,1.0317459690795385
43,195265,d[betan]/d[t],short,0.09798876867325133,0.09161480732762671,0.9349521232695569
43,195265,d[betan]/d[t],long,0.09798876867325133,0.11238155607326969,1.1468820110191476
43,195265,d[li]/d[betan],short,0.002755532144542758,0.0025376938268545346,0.9209451001613005
43,195265,d[li]/d[betan],long,0.002755532144542758,0.00263533809941385,0.9563808227140791
44,195266,d[pcdiamag3]/d[kappa],short,0.2814540966460982,0.24402973385504548,0.8670320907138502
44,195266,d[pcdiamag3]/d[kappa],long,0.2814540966460982,0.32866836765009555,1.1677512303662207
44,195266,d[kappa]/d[t],short,0.22845291261613396,0.2006622099491988,0.8783526007670897
44,195266,d[kappa]/d[t],long,0.22845291261613396,0.2632502400598998,1.1523172851914307
44,195266,r[q95]/r[kappa],short,0.006116584442801117,0.007875688130218918,1.2875957495341834
44,195266,r[q95]/r[kappa],long,0.006116584442801117,0.005654872315869989,0.9245147138489255
44,195266,d[pcdiamag3]/d[betan],short,0.1432913069311256,0.12408210137708421,0.865942980314393
44,195266,d[pcdiamag3]/d[betan],long,0.1432913069311256,0.16729303010633612,1.167502995745206
44,195266,d[kappa]/d[betan],short,0.05943729215365305,0.05200439982113248,0.874945643329335
44,195266,d[kappa]/d[betan],long,0.05943729215365305,0.0652721637352782,1.0981685297260877
44,195266,d[betan]/d[t],short,0.2233972874736973,0.1950391040934838,0.873059410430159
44,195266,d[betan]/d[t],long,0.2233972874736973,0.25804064159868395,1.1550750884970544
44,195266,d[li]/d[betan],short,0.00354406838296444,0.003359339294707132,0.947876545174408
44,195266,d[li]/d[betan],long,0.00354406838296444,0.0037566831891085663,1.059991733558263
45,195267,d[pcdiamag3]/d[kappa],short,0.30403375904010255,0.2771935674640179,0.9117196996122221
45,195267,d[pcdiamag3]/d[kappa],long,0.30403375904010255,0.3443945971766297,1.1327511729748483
45,195267,d[kappa]/d[t],short,0.17906165812444783,0.16353668601578736,0.9132981774475051
45,195267,d[kappa]/d[t],long,0.17906165812444783,0.2056379346788314,1.1484196942704055
45,195267,r[q95]/r[kappa],short,0.008974871380686299,0.008646187334675027,0.9633772973371457
45,195267,r[q95]/r[kappa],long,0.008974871380686299,0.008014618014802256,0.8930064482092327
45,195267,d[pcdiamag3]/d[betan],short,0.1984957927958615,0.1810600836282919,0.9121608124686962
45,195267,d[pcdiamag3]/d[betan],long,0.1984957927958615,0.22463788291025774,1.131700978374289
45,195267,d[kappa]/d[betan],short,0.10493073558703132,0.09295049358314769,0.885827141715328
45,195267,d[kappa]/d[betan],long,0.10493073558703132,0.11067572486348286,1.054750300227196
45,195267,d[betan]/d[t],short,0.17572510957437562,0.16013976173105496,0.9113083617869359
45,195267,d[betan]/d[t],long,0.17572510957437562,0.20144629161083705,1.1463716943967748
45,195267,d[li]/d[betan],short,0.003983180963700904,0.004095522122015774,1.0282038800992517
45,195267,d[li]/d[betan],long,0.003983180963700904,0.0036905640842638857,0.9265368854429187
46,195268,d[pcdiamag3]/d[kappa],short,0.20765440679080222,0.17928314225345013,0.8633726826421985
46,195268,d[pcdiamag3]/d[kappa],long,0.20765440679080222,0.223465960801957,1.07614359962552
46,195268,d[kappa]/d[t],short,0.14252951194255115,0.12546388728579896,0.8802660275464099
46,195268,d[kappa]/d[t],long,0.14252951194255115,0.1521127528504151,1.0672368885380423
46,195268,r[q95]/r[kappa],short,0.012401201046929567,0.011503604070496226,0.9276201576736388
46,195268,r[q95]/r[kappa],long,0.012401201046929567,0.013633355796214792,1.0993576948411137
46,195268,d[pcdiamag3]/d[betan],short,0.11695973104944397,0.10124216450773497,0.8656155721231492
46,195268,d[pcdiamag3]/d[betan],long,0.11695973104944397,0.12552570526992354,1.073238662090094
46,195268,d[kappa]/d[betan],short,0.046128883860534646,0.03927462020658898,0.8514105896281906
46,195268,d[kappa]/d[betan],long,0.046128883860534646,0.044885785532641574,0.973051627876963
46,195268,d[betan]/d[t],short,0.14148454622610154,0.12545869214655847,0.8867307101233968
46,195268,d[betan]/d[t],long,0.14148454622610154,0.14997162348452486,1.0599858958791115
46,195268,d[li]/d[betan],short,0.004681155902747134,0.004642897393509653,0.9918271234640954
46,195268,d[li]/d[betan],long,0.004681155902747134,0.004445034441271902,0.9495591545375334
47,195269,d[pcdiamag3]/d[kappa],short,0.2295149425556061,0.17843743819147492,0.7774545578802258
47,195269,d[pcdiamag3]/d[kappa],long,0.2295149425556061,0.25569245662636364,1.1140558160583127
47,195269,d[kappa]/d[t],short,0.1392940416521588,0.11018218674378702,0.7910043059769212
47,195269,d[kappa]/d[t],long,0.1392940416521588,0.1513834376804463,1.0867904749183437
47,195269,r[q95]/r[kappa],short,0.010606664394025418,0.010503424801369194,0.9902665353760635
47,195269,r[q95]/r[kappa],long,0.010606664394025418,0.010337286261722404,0.9746029362015333
47,195269,d[pcdiamag3]/d[betan],short,0.160243279129769,0.12467131205909229,0.7780127362354435
47,195269,d[pcdiamag3]/d[betan],long,0.160243279129769,0.1786068378985216,1.114597996674046
47,195269,d[kappa]/d[betan],short,0.08459554951387364,0.07029319149431339,0.8309325005659369
47,195269,d[kappa]/d[betan],long,0.08459554951387364,0.09569660353070336,1.1312250358395983
47,195269,d[betan]/d[t],short,0.13429752938384137,0.10726465851388035,0.7987090976729881
47,195269,d[betan]/d[t],long,0.13429752938384137,0.1464672810087895,1.0906178369831672
47,195269,d[li]/d[betan],short,0.008386742721638947,0.007822115833686128,0.9326762598193293
47,195269,d[li]/d[betan],long,0.008386742721638947,0.008140432275585823,0.9706309762646492
48,195273,d[pcdiamag3]/d[kappa],short,0.287914706906446,0.2225372995955858,0.7729278645980927
48,195273,d[pcdiamag3]/d[kappa],long,0.287914706906446,0.334715590794358,1.1625512096647364
48,195273,d[kappa]/d[t],short,0.21448272896149118,0.16801047960609156,0.7833287109856563
48,195273,d[kappa]/d[t],long,0.21448272896149118,0.2479592659249328,1.1560803386152876
48,195273,r[q95]/r[kappa],short,0.012937256328241546,0.014235110871534867,1.1003191488491306
48,195273,r[q95]/r[kappa],long,0.012937256328241546,0.010249116752907048,0.7922171821341144
48,195273,d[pcdiamag3]/d[betan],short,0.16848836779184972,0.13065881605225038,0.7754767748338883
48,195273,d[pcdiamag3]/d[betan],long,0.16848836779184972,0.19565043948509567,1.1612103675121404
48,195273,d[kappa]/d[betan],short,0.06851626628961155,0.06481752110060802,0.9460165390015528
48,195273,d[kappa]/d[betan],long,0.06851626628961155,0.07463894162986628,1.0893609017510337
48,195273,d[betan]/d[t],short,0.20994232974415838,0.16442808983963508,0.7832059882350119
48,195273,d[betan]/d[t],long,0.20994232974415838,0.24219003843356182,1.1536026999828966
48,195273,d[li]/d[betan],short,0.010307257237131062,0.011329456127276039,1.09917273496013
48,195273,d[li]/d[betan],long,0.010307257237131062,0.009930174472614857,0.9634157995825741
49,195274,d[pcdiamag3]/d[kappa],short,0.20317993046085428,0.18980670700686322,0.9341803916181153
49,195274,d[pcdiamag3]/d[kappa],long,0.20317993046085428,0.22230897127685467,1.0941482791760517
49,195274,d[kappa]/d[t],short,0.14503682589960404,0.13476628551846437,0.9291866716095265
49,195274,d[kappa]/d[t],long,0.14503682589960404,0.1568104732178714,1.0811769510621814
49,195274,r[q95]/r[kappa],short,0.013365162897771055,0.010866652440637552,0.813057986928764
49,195274,r[q95]/r[kappa],long,0.013365162897771055,0.015124176505830216,1.131611834551705
49,195274,d[pcdiamag3]/d[betan],short,0.12130965613004036,0.11295456714993721,0.9311259363298526
49,195274,d[pcdiamag3]/d[betan],long,0.12130965613004036,0.13290303526492653,1.0955684774380805
49,195274,d[kappa]/d[betan],short,0.05252276828773958,0.053409426770182546,1.0168814118399947
49,195274,d[kappa]/d[betan],long,0.05252276828773958,0.05362237974692464,1.0209359006585477
49,195274,d[betan]/d[t],short,0.14174744800655456,0.13192673690793646,0.9307168401496377
49,195274,d[betan]/d[t],long,0.14174744800655456,0.15332563126026752,1.0816817756971293
49,195274,d[li]/d[betan],short,0.004211737905307645,0.004390948184483794,1.0425501973779672
49,195274,d[li]/d[betan],long,0.004211737905307645,0.003986211435054296,0.9464528716352254
50,195626,d[pcdiamag3]/d[kappa],short,0.18067685513147022,0.13101334842100304,0.7251252426641472
50,195626,d[pcdiamag3]/d[kappa],long,0.18067685513147022,0.20639839213627936,1.142362102694845
50,195626,d[kappa]/d[t],short,0.09193487575859752,0.07843331560196981,0.8531399531981646
50,195626,d[kappa]/d[t],long,0.09193487575859752,0.09964012447808841,1.0838120316790578
50,195626,r[q95]/r[kappa],short,0.03887532740425541,0.02654952141654996,0.682940136824239
50,195626,r[q95]/r[kappa],long,0.03887532740425541,0.0635237079985854,1.634036604708576
50,195626,d[pcdiamag3]/d[betan],short,0.27951727356618816,0.20354427404896042,0.7281992681599391
50,195626,d[pcdiamag3]/d[betan],long,0.27951727356618816,0.31903315290777606,1.1413718688560033
50,195626,d[kappa]/d[betan],short,0.3313281904123125,0.25098291239331777,0.7575054572959459
50,195626,d[kappa]/d[betan],long,0.3313281904123125,0.3809946603283656,1.1499011293130412
50,195626,d[betan]/d[t],short,0.09734544969539932,0.0796798531506282,0.818526735455547
50,195626,d[betan]/d[t],long,0.09734544969539932,0.10583907898253944,1.0872524531317713
50,195626,d[li]/d[betan],short,0.016628515417880362,0.014957101541233019,0.8994850812207205
50,195626,d[li]/d[betan],long,0.016628515417880362,0.017772468244638004,1.0687946457039996
51,195638,d[pcdiamag3]/d[kappa],short,0.23117766981409177,0.21061397395024192,0.9110480874714775
51,195638,d[pcdiamag3]/d[kappa],long,0.23117766981409177,0.24399107022502,1.0554266353719692
51,195638,d[kappa]/d[t],short,0.1184215125085681,0.11069002736841177,0.9347121568000758
51,195638,d[kappa]/d[t],long,0.1184215125085681,0.12614670995689725,1.0652347473417818
51,195638,r[q95]/r[kappa],short,0.022029007606825152,0.013542034868875109,0.6147364924727169
51,195638,r[q95]/r[kappa],long,0.022029007606825152,0.0255704619545935,1.1607632268768182
51,195638,d[pcdiamag3]/d[betan],short,0.337062832634601,0.3076432927853752,0.9127179356463799
51,195638,d[pcdiamag3]/d[betan],long,0.337062832634601,0.35485826140739685,1.0527955830481204
51,195638,d[kappa]/d[betan],short,0.41200335855385395,0.37217513141635766,0.9033303338174338
51,195638,d[kappa]/d[betan],long,0.41200335855385395,0.44145901559536654,1.0714937304028342
51,195638,d[betan]/d[t],short,0.1174731243658699,0.11303580780197403,0.9622269639302619
51,195638,d[betan]/d[t],long,0.1174731243658699,0.12637160707393433,1.075749093727592
51,195638,d[li]/d[betan],short,0.013451063862589235,0.013485451239602646,1.0025564800943403
51,195638,d[li]/d[betan],long,0.013451063862589235,0.011481138102527549,0.8535487021557162
52,195642,d[pcdiamag3]/d[kappa],short,0.2774375779061344,0.23328192645124365,0.8408447341988013
52,195642,d[pcdiamag3]/d[kappa],long,0.2774375779061344,0.2729980381154164,0.9839980588634573
52,195642,d[kappa]/d[t],short,0.1120359063055252,0.09674577627674015,0.8635247347659304
52,195642,d[kappa]/d[t],long,0.1120359063055252,0.11570571663655933,1.032755662466151
52,195642,r[q95]/r[kappa],short,0.01287909695514661,0.011563100757847238,0.8978192180800079
52,195642,r[q95]/r[kappa],long,0.01287909695514661,0.011584235739867148,0.8994602478892806
52,195642,d[pcdiamag3]/d[betan],short,0.420509858356394,0.3548510817962139,0.8438591265926202
52,195642,d[pcdiamag3]/d[betan],long,0.420509858356394,0.4133602996454038,0.9829978808607818
52,195642,d[kappa]/d[betan],short,0.5018574930798472,0.4256551582687615,0.8481594160456971
52,195642,d[kappa]/d[betan],long,0.5018574930798472,0.48632214502797083,0.969044303878899
52,195642,d[betan]/d[t],short,0.09813078166916955,0.08163225479149559,0.8318720528152254
52,195642,d[betan]/d[t],long,0.09813078166916955,0.1011683564713142,1.0309543524516522
52,195642,d[li]/d[betan],short,0.016636206574139605,0.01663058961319496,0.999662365280173
52,195642,d[li]/d[betan],long,0.016636206574139605,0.015971110878979563,0.9600211928003546
53,195645,d[pcdiamag3]/d[kappa],short,0.2570646736131393,0.2107562991478075,0.8198571051617041
53,195645,d[pcdiamag3]/d[kappa],long,0.2570646736131393,0.2795638101964331,1.0875232534562569
53,195645,d[kappa]/d[t],short,0.10656171012564455,0.0883885916831877,0.8294592079929071
53,195645,d[kappa]/d[t],long,0.10656171012564455,0.10797764610353167,1.0132874742364457
53,195645,r[q95]/r[kappa],short,0.017490650479015254,0.01439056463595732,0.8227575442789766
53,195645,r[q95]/r[kappa],long,0.017490650479015254,0.021752236878652464,1.2436493945579032
53,195645,d[pcdiamag3]/d[betan],short,0.40231334676578095,0.3297693123931222,0.8196827548580105
53,195645,d[pcdiamag3]/d[betan],long,0.40231334676578095,0.4396198703845029,1.0927300173325842
53,195645,d[kappa]/d[betan],short,0.49633225481621146,0.40761006275291445,0.821244355565505
53,195645,d[kappa]/d[betan],long,0.49633225481621146,0.5273805744113692,1.0625555145648427
53,195645,d[betan]/d[t],short,0.12229377650846267,0.10013389446200809,0.818797957842753
53,195645,d[betan]/d[t],long,0.12229377650846267,0.12626370557950967,1.03246223302926
53,195645,d[li]/d[betan],short,0.012285806129520219,0.013709065900316491,1.11584585950574
53,195645,d[li]/d[betan],long,0.012285806129520219,0.011203156352486785,0.911878002499733
54,195647,d[pcdiamag3]/d[kappa],short,0.3009530134430205,0.267912374575763,0.8902132977860546
54,195647,d[pcdiamag3]/d[kappa],long,0.3009530134430205,0.2826705863532958,0.9392515566447814
54,195647,d[kappa]/d[t],short,0.12969845294136703,0.12478717421601203,0.9621330970880878
54,195647,d[kappa]/d[t],long,0.12969845294136703,0.12017308003452275,0.9265575441277518
54,195647,r[q95]/r[kappa],short,0.014127542152403144,0.010404944260462096,0.7365006699832386
54,195647,r[q95]/r[kappa],long,0.014127542152403144,0.010819573809869554,0.765849692264294
54,195647,d[pcdiamag3]/d[betan],short,0.44983662718096096,0.40081419300037435,0.891021692724753
54,195647,d[pcdiamag3]/d[betan],long,0.44983662718096096,0.42278246586238394,0.9398578068484081
54,195647,d[kappa]/d[betan],short,0.5411282523076503,0.4895250244277294,0.9046377126681909
54,195647,d[kappa]/d[betan],long,0.5411282523076503,0.5001851850421428,0.9243375907820263
54,195647,d[betan]/d[t],short,0.11912222292640633,0.10881027367224543,0.9134338748821659
54,195647,d[betan]/d[t],long,0.11912222292640633,0.10813457962118626,0.9077615995127195
54,195647,d[li]/d[betan],short,0.014070570549663082,0.013678730789556798,0.97215182151113
54,195647,d[li]/d[betan],long,0.014070570549663082,0.013823857794196905,0.9824660446712968
55,195648,d[pcdiamag3]/d[kappa],short,0.2565477301876035,0.21755473840485084,0.8480088217726992
55,195648,d[pcdiamag3]/d[kappa],long,0.2565477301876035,0.27608802504533236,1.0761663135489006
55,195648,d[kappa]/d[t],short,0.13892093068010786,0.12402292682861661,0.892759112838096
55,195648,d[kappa]/d[t],long,0.13892093068010786,0.14647530640185297,1.0543789599217375
55,195648,r[q95]/r[kappa],short,0.01471744940758307,0.009277756012132276,0.6303915682123115
55,195648,r[q95]/r[kappa],long,0.01471744940758307,0.02261706456121586,1.5367516432270547
55,195648,d[pcdiamag3]/d[betan],short,0.40948389796205403,0.3475452556158457,0.8487397363987462
55,195648,d[pcdiamag3]/d[betan],long,0.40948389796205403,0.43973790698586745,1.0738832690964955
55,195648,d[kappa]/d[betan],short,0.5244842674348233,0.45056268507120156,0.8590585324414736
55,195648,d[kappa]/d[betan],long,0.5244842674348233,0.5625670622427937,1.0726099850320139
55,195648,d[betan]/d[t],short,0.1268555953358781,0.10948632746414619,0.8630784253091571
55,195648,d[betan]/d[t],long,0.1268555953358781,0.1330558074890011,1.0488761424886741
55,195648,d[li]/d[betan],short,0.013288720002428143,0.013415478982950922,1.0095388404977008
55,195648,d[li]/d[betan],long,0.013288720002428143,0.01421204497204475,1.0694818590087554
56,195649,d[pcdiamag3]/d[kappa],short,0.1942786580322887,0.17464576051137326,0.8989446513592173
56,195649,d[pcdiamag3]/d[kappa],long,0.1942786580322887,0.20819336774218347,1.0716224306407403
56,195649,d[kappa]/d[t],short,0.08497267656131088,0.08439398828912383,0.9931897134984267
56,195649,d[kappa]/d[t],long,0.08497267656131088,0.07561039416993023,0.8898200836991841
56,195649,r[q95]/r[kappa],short,0.020917603211304585,0.00904560726986656,0.432439949189665
56,195649,r[q95]/r[kappa],long,0.020917603211304585,0.02224929706587236,1.0636637879165343
56,195649,d[pcdiamag3]/d[betan],short,0.311292424098908,0.28060874204130687,0.9014313241113352
56,195649,d[pcdiamag3]/d[betan],long,0.311292424098908,0.33271739537309913,1.068825867947826
56,195649,d[kappa]/d[betan],short,0.367676330747205,0.3368371498577421,0.9161241061484938
56,195649,d[kappa]/d[betan],long,0.367676330747205,0.3843583731633081,1.04537154290623
56,195649,d[betan]/d[t],short,0.08444735625827932,0.08234631835870986,0.9751201459386782
56,195649,d[betan]/d[t],long,0.08444735625827932,0.08122882837641722,0.9618871682374602
56,195649,d[li]/d[betan],short,0.01768299587464018,0.016220699490811983,0.9173049411878083
56,195649,d[li]/d[betan],long,0.01768299587464018,0.017056481454113273,0.9645696676643816
57,195650,d[pcdiamag3]/d[kappa],short,0.18903973331558072,0.17032854336690637,0.901019803506393
57,195650,d[pcdiamag3]/d[kappa],long,0.18903973331558072,0.2062541324544467,1.0910623329653528
57,195650,d[kappa]/d[t],short,0.08481587504394054,0.09405862617841812,1.1089743061624735
57,195650,d[kappa]/d[t],long,0.08481587504394054,0.07928097294539087,0.9347421447260534
57,195650,r[q95]/r[kappa],short,0.02452467434021523,0.016141203390774676,0.6581617829805753
57,195650,r[q95]/r[kappa],long,0.02452467434021523,0.02964584973344708,1.2088172638783221
57,195650,d[pcdiamag3]/d[betan],short,0.2960590432100417,0.2670265557206855,0.90193683268523
57,195650,d[pcdiamag3]/d[betan],long,0.2960590432100417,0.3233960246743749,1.0923362487695998
57,195650,d[kappa]/d[betan],short,0.3437128696963196,0.3195955196044975,0.9298328569624658
57,195650,d[kappa]/d[betan],long,0.3437128696963196,0.3673928811988265,1.068894747884849
57,195650,d[betan]/d[t],short,0.0790465108595984,0.08632050012166438,1.0920216361603217
57,195650,d[betan]/d[t],long,0.0790465108595984,0.07666202138626502,0.9698343488231926
57,195650,d[li]/d[betan],short,0.028423559946893034,0.024659863259225867,0.8675853167337175
57,195650,d[li]/d[betan],long,0.028423559946893034,0.02986422503510475,1.050685596417283
58,195651,d[pcdiamag3]/d[kappa],short,0.18623795883549812,0.15983516468989709,0.8582308659808542
58,195651,d[pcdiamag3]/d[kappa],long,0.18623795883549812,0.17855889546388945,0.9587674638423607
58,195651,d[kappa]/d[t],short,0.07993842666899671,0.0783682801106804,0.9803580502676286
58,195651,d[kappa]/d[t],long,0.07993842666899671,0.07771587047304264,0.9721966482382991
58,195651,r[q95]/r[kappa],short,0.049938906386219534,0.027690780866304013,0.5544931371173285
58,195651,r[q95]/r[kappa],long,0.049938906386219534,0.06555685445603726,1.3127410910649444
58,195651,d[pcdiamag3]/d[betan],short,0.29055724541313555,0.24881191581549947,0.8563266610740325
58,195651,d[pcdiamag3]/d[betan],long,0.29055724541313555,0.27939843104199225,0.9615951260988937
58,195651,d[kappa]/d[betan],short,0.3401257158797039,0.2957138022976369,0.8694250052007959
58,195651,d[kappa]/d[betan],long,0.3401257158797039,0.3248768181405083,0.9551668779299539
58,195651,d[betan]/d[t],short,0.07271735846458739,0.06716506151079922,0.9236455081561714
58,195651,d[betan]/d[t],long,0.07271735846458739,0.06820769826226375,0.9379837180895296
58,195651,d[li]/d[betan],short,0.00992786658032342,0.009492432148960315,0.9561401809904384
58,195651,d[li]/d[betan],long,0.00992786658032342,0.009626282016857191,0.9696224197789961
59,195652,d[pcdiamag3]/d[kappa],short,0.2041825995670406,0.17824797563384023,0.8729831827580099
59,195652,d[pcdiamag3]/d[kappa],long,0.2041825995670406,0.2269133802302215,1.1113257481851015
59,195652,d[kappa]/d[t],short,0.10655167120619362,0.10291871029793749,0.9659042334378147
59,195652,d[kappa]/d[t],long,0.10655167120619362,0.10506659068683356,0.9860623441889786
59,195652,r[q95]/r[kappa],short,0.03535057556945022,0.019765608531346478,0.5591311658423818
59,195652,r[q95]/r[kappa],long,0.03535057556945022,0.04719053983837476,1.334929886662305
59,195652,d[pcdiamag3]/d[betan],short,0.350141960570332,0.30530132201403076,0.8719358328740063
59,195652,d[pcdiamag3]/d[betan],long,0.350141960570332,0.3888890288227188,1.110661025000466
59,195652,d[kappa]/d[betan],short,0.4174522984959723,0.37277746360799774,0.892982180122296
59,195652,d[kappa]/d[betan],long,0.4174522984959723,0.4525392176397993,1.084050128051132
59,195652,d[betan]/d[t],short,0.10078325184011454,0.09056853152354981,0.8986466488224596
59,195652,d[betan]/d[t],long,0.10078325184011454,0.10645176637988626,1.0562446084669244
59,195652,d[li]/d[betan],short,0.011760979908029115,0.01250912869314049,1.0636127934033421
59,195652,d[li]/d[betan],long,0.011760979908029115,0.012797905117621217,1.0881665658558872
60,195655,d[pcdiamag3]/d[kappa],short,0.19955335813329492,0.13595956938969306,0.6813193757374705
60,195655,d[pcdiamag3]/d[kappa],long,0.19955335813329492,0.22045043937828657,1.1047192662677818
60,195655,d[kappa]/d[t],short,0.09171418280870881,0.0811494384691809,0.8848079542772135
60,195655,d[kappa]/d[t],long,0.09171418280870881,0.11060060333093194,1.2059269345681674
60,195655,r[q95]/r[kappa],short,0.02440202349260879,0.021645419596153615,0.8870337987629994
60,195655,r[q95]/r[kappa],long,0.02440202349260879,0.03475782334208,1.4243828325387236
60,195655,d[pcdiamag3]/d[betan],short,0.29259284438765654,0.2002738416735403,0.6844796293384284
60,195655,d[pcdiamag3]/d[betan],long,0.29259284438765654,0.32328161363548585,1.1048855767886403
60,195655,d[kappa]/d[betan],short,0.35190680303290606,0.24738018642062418,0.7029707419367266
60,195655,d[kappa]/d[betan],long,0.35190680303290606,0.3990202679082137,1.1338805174246689
60,195655,d[betan]/d[t],short,0.07768561118951148,0.05983161919962259,0.770176333602687
60,195655,d[betan]/d[t],long,0.07768561118951148,0.09170344755757855,1.1804431496827623
60,195655,d[li]/d[betan],short,0.009477887193328276,0.008894674120521365,0.9384659195755793
60,195655,d[li]/d[betan],long,0.009477887193328276,0.009752282523510111,1.028951107412838
61,195659,d[pcdiamag3]/d[kappa],short,0.30992230522891084,0.2557253962528154,0.8251274333544142
61,195659,d[pcdiamag3]/d[kappa],long,0.30992230522891084,0.331467445595156,1.069517875940974
61,195659,d[kappa]/d[t],short,0.12457309251505681,0.10791397647168553,0.866270350145168
61,195659,d[kappa]/d[t],long,0.12457309251505681,0.13722220761404103,1.1015397052734663
61,195659,r[q95]/r[kappa],short,0.011683117654845237,0.010759475810394973,0.9209421772733641
61,195659,r[q95]/r[kappa],long,0.011683117654845237,0.016035529611352486,1.3725385710466451
61,195659,d[pcdiamag3]/d[betan],short,0.4457652814067652,0.36780241471642455,0.8251033224384301
61,195659,d[pcdiamag3]/d[betan],long,0.4457652814067652,0.4774589651488243,1.0710994890450816
61,195659,d[kappa]/d[betan],short,0.5473426564669069,0.4522174807218263,0.8262054407396021
61,195659,d[kappa]/d[betan],long,0.5473426564669069,0.5827240502163592,1.0646421274340974
61,195659,d[betan]/d[t],short,0.12638058249398665,0.10749453957782903,0.8505621469417022
61,195659,d[betan]/d[t],long,0.12638058249398665,0.13437949354407824,1.063292247054417
61,195659,d[li]/d[betan],short,0.008022529790296315,0.007866613394790995,0.9805651833546459
61,195659,d[li]/d[betan],long,0.008022529790296315,0.007535224083041646,0.9392578500805282
