shot_id,era,comparator,NRMSE_REL,NRMSE_comparator,d_s,class
155537,earlier,B0,0.0881634176028925,0.6240865199904772,-0.5359231023875847,WIN
159310,earlier,B0,0.1024085998029482,0.2990341728226806,-0.19662557301973238,WIN
160717,earlier,B0,0.3667649468845722,1.5544479434454168,-1.1876829965608446,WIN
160719,earlier,B0,0.1743859588532056,0.9513685675116084,-0.7769826086584027,WIN
160721,earlier,B0,0.1477670102128884,0.8425905412686653,-0.6948235310557769,WIN
161136,earlier,B0,0.3507506315519817,1.2135362702776442,-0.8627856387256625,WIN
161145,earlier,B0,0.1348071042439103,0.7420008324067523,-0.607193728162842,WIN
161414,earlier,B0,0.1316860054311389,0.6572331457657089,-0.52554714033457,WIN
165017,earlier,B0,0.2002137627391678,0.4655749162132672,-0.2653611534740994,WIN
165026,earlier,B0,0.1649247648569792,0.8773247749317395,-0.7124000100747603,WIN
165027,earlier,B0,0.1190299581843449,0.8372644571711064,-0.7182344989867615,WIN
165029,earlier,B0,0.1546676472311377,0.5691302755725592,-0.41446262834142156,WIN
165031,earlier,B0,0.3144382275033943,0.7517315499643177,-0.4372933224609234,WIN
165043,earlier,B0,0.1597994106811542,0.905154990182588,-0.7453555795014338,WIN
165860,earlier,B0,0.1011016505227557,0.9149293351920438,-0.8138276846692881,WIN
165955,earlier,B0,0.1935103166218603,0.3274974086405586,-0.1339870920186983,WIN
165965,earlier,B0,0.1897777329274167,0.4746419449827948,-0.28486421205537804,WIN
170394,earlier,B0,0.2196926846708603,1.0902439055254372,-0.8705512208545768,WIN
170411,earlier,B0,0.1236438541971501,0.8100163335388076,-0.6863724793416576,WIN
186997,earlier,B0,0.2431984910921842,1.0217782057536906,-0.7785797146615064,WIN
187018,earlier,B0,0.3085991152311767,1.7027787494803033,-1.3941796342491266,WIN
187019,earlier,B0,11.952633158377472,1.2063721657860962,10.746260992591376,LOSS
187021,earlier,B0,0.2339909427410042,1.1415465930682869,-0.9075556503272827,WIN
187022,earlier,B0,11.766571685014748,0.9835375611479736,10.783034123866774,LOSS
189646,later,B0,0.2402300600201362,1.1006477448202614,-0.8604176848001253,WIN
189649,later,B0,0.1374895379814073,1.1461750536735713,-1.008685515692164,WIN
189650,later,B0,0.1699439778423281,1.3105101549259377,-1.1405661770836095,WIN
189652,later,B0,0.1781385530057603,1.3035710522709736,-1.1254324992652134,WIN
195261,later,B0,0.1697792788135332,0.8312987937603137,-0.6615195149467805,WIN
195265,later,B0,0.1880751743690242,1.1131575026295566,-0.9250823282605324,WIN
195266,later,B0,0.2512944925106523,1.2670768773451366,-1.0157823848344845,WIN
195268,later,B0,0.2617329850600386,1.1143911581698185,-0.8526581731097799,WIN
195269,later,B0,0.2077212378630986,0.6520366256886133,-0.4443153878255147,WIN
195274,later,B0,0.499649267736147,0.8847909665477434,-0.3851416988115964,WIN
195626,later,B0,0.1402416861252779,0.517077578402707,-0.3768358922774291,WIN
195642,later,B0,0.0801776221388742,0.9026993135002748,-0.8225216913614006,WIN
195645,later,B0,0.1211655672429321,0.8204103931914547,-0.6992448259485226,WIN
195648,later,B0,0.0504973280382959,1.0139877619865232,-0.9634904339482273,WIN
195649,later,B0,0.1013440042194344,0.934962296383756,-0.8336182921643216,WIN
195651,later,B0,0.1693317910890801,0.9380591333802256,-0.7687273422911455,WIN
195652,later,B0,0.1391419137467811,0.7518216571204341,-0.612679743373653,WIN
195659,later,B0,0.1308391260664134,1.1768165843817109,-1.0459774583152974,WIN
155537,earlier,B1,0.0881634176028925,0.0928539538012317,-0.004690536198339201,TIE
159310,earlier,B1,0.1024085998029482,0.1016656691068416,0.0007429306961065918,TIE
160717,earlier,B1,0.3667649468845722,0.1731689681899915,0.19359597869458067,LOSS
160719,earlier,B1,0.1743859588532056,0.0917048299165997,0.0826811289366059,LOSS
160721,earlier,B1,0.1477670102128884,0.1495973877049074,-0.001830377492019003,TIE
161136,earlier,B1,0.3507506315519817,0.6091521244408399,-0.25840149288885816,WIN
161145,earlier,B1,0.1348071042439103,0.0949323680804113,0.039874736163498986,LOSS
161414,earlier,B1,0.1316860054311389,0.2099593209737157,-0.0782733155425768,WIN
165017,earlier,B1,0.2002137627391678,0.3533484427576376,-0.1531346800184698,WIN
165026,earlier,B1,0.1649247648569792,0.1268889708243593,0.03803579403261992,LOSS
165027,earlier,B1,0.1190299581843449,0.0794025657934618,0.0396273923908831,LOSS
165029,earlier,B1,0.1546676472311377,0.1041519241936941,0.050515723037443616,LOSS
165031,earlier,B1,0.3144382275033943,0.5653403261116127,-0.2509020986082184,WIN
165043,earlier,B1,0.1597994106811542,0.1777341570620123,-0.017934746380858096,WIN
165860,earlier,B1,0.1011016505227557,0.109309889331746,-0.008208238808990298,TIE
165955,earlier,B1,0.1935103166218603,0.216268538126285,-0.02275822150442469,WIN
165965,earlier,B1,0.1897777329274167,0.1479502822561476,0.04182745067126911,LOSS
170394,earlier,B1,0.2196926846708603,0.2206892587272621,-0.0009965740564018,TIE
170411,earlier,B1,0.1236438541971501,0.0867111419220898,0.0369327122750603,LOSS
186997,earlier,B1,0.2431984910921842,0.1991505903525418,0.044047900739642404,LOSS
187018,earlier,B1,0.3085991152311767,0.3550296531477837,-0.04643053791660695,WIN
187019,earlier,B1,11.952633158377472,0.1774456668879357,11.775187491489536,LOSS
187021,earlier,B1,0.2339909427410042,0.3720670187305525,-0.13807607598954827,WIN
187022,earlier,B1,11.766571685014748,0.2344794204741319,11.532092264540616,LOSS
189646,later,B1,0.2402300600201362,0.253778277366425,-0.013548217346288804,WIN
189649,later,B1,0.1374895379814073,0.257508794644327,-0.12001925666291971,WIN
189650,later,B1,0.1699439778423281,0.2062934307767517,-0.0363494529344236,WIN
189652,later,B1,0.1781385530057603,0.2142787348231652,-0.036140181817404915,WIN
195261,later,B1,0.1697792788135332,0.1755561209736248,-0.005776842160091611,TIE
195265,later,B1,0.1880751743690242,0.4316920031638589,-0.2436168287948347,WIN
195266,later,B1,0.2512944925106523,0.4302601376322874,-0.1789656451216351,WIN
195268,later,B1,0.2617329850600386,0.3206579134211005,-0.05892492836106189,WIN
195269,later,B1,0.2077212378630986,0.2750832712876768,-0.0673620334245782,WIN
195274,later,B1,0.499649267736147,0.3573935193712425,0.1422557483649045,LOSS
195626,later,B1,0.1402416861252779,0.1248892367830597,0.015352449342218202,LOSS
195642,later,B1,0.0801776221388742,0.063347835942887,0.016829786195987198,LOSS
195645,later,B1,0.1211655672429321,0.1523045374713642,-0.03113897022843208,WIN
195648,later,B1,0.0504973280382959,0.0741234877427319,-0.023626159704436003,WIN
195649,later,B1,0.1013440042194344,0.0740606513956619,0.027283352823772505,LOSS
195651,later,B1,0.1693317910890801,0.1244227213754231,0.04490906971365702,LOSS
195652,later,B1,0.1391419137467811,0.1090100296502777,0.030131884096503386,LOSS
195659,later,B1,0.1308391260664134,0.1378539039569404,-0.007014777890526985,TIE
155537,earlier,B1A,0.0881634176028925,0.3329115742473736,-0.24474815664448113,WIN
159310,earlier,B1A,0.1024085998029482,0.1157117111645618,-0.013303111361613607,WIN
160717,earlier,B1A,0.3667649468845722,0.2910103741430942,0.07575457274147795,LOSS
160719,earlier,B1A,0.1743859588532056,0.2329225556236352,-0.058536596770429605,WIN
160721,earlier,B1A,0.1477670102128884,0.3069642225599076,-0.15919721234701917,WIN
161136,earlier,B1A,0.3507506315519817,0.4352324382730918,-0.08448180672111011,WIN
161145,earlier,B1A,0.1348071042439103,0.2993731457335233,-0.164566041489613,WIN
161414,earlier,B1A,0.1316860054311389,0.2075027991421699,-0.075816793711031,WIN
165017,earlier,B1A,0.2002137627391678,0.5741594632662979,-0.37394570052713005,WIN
165026,earlier,B1A,0.1649247648569792,0.2373468464190657,-0.07242208156208649,WIN
165027,earlier,B1A,0.1190299581843449,0.2887904116648911,-0.1697604534805462,WIN
165029,earlier,B1A,0.1546676472311377,0.2602107746301181,-0.10554312739898039,WIN
165031,earlier,B1A,0.3144382275033943,0.8776916672658365,-0.5632534397624422,WIN
165043,earlier,B1A,0.1597994106811542,0.2462048948367034,-0.08640548415554922,WIN
165860,earlier,B1A,0.1011016505227557,0.2700394586038115,-0.1689378080810558,WIN
165955,earlier,B1A,0.1935103166218603,0.4124311947676389,-0.2189208781457786,WIN
165965,earlier,B1A,0.1897777329274167,0.3812012152808539,-0.19142348235343717,WIN
170394,earlier,B1A,0.2196926846708603,0.1762266875212313,0.04346599714962901,LOSS
170411,earlier,B1A,0.1236438541971501,0.3561411909557081,-0.23249733675855802,WIN
186997,earlier,B1A,0.2431984910921842,0.3182843026172702,-0.075085811525086,WIN
187018,earlier,B1A,0.3085991152311767,0.2622197208191467,0.04637939441203004,LOSS
187019,earlier,B1A,11.952633158377472,0.3256119667215395,11.627021191655933,LOSS
187021,earlier,B1A,0.2339909427410042,0.4104727053238405,-0.1764817625828363,WIN
187022,earlier,B1A,11.766571685014748,0.3612214852515412,11.405350199763207,LOSS
189646,later,B1A,0.2402300600201362,0.206622878526082,0.0336071814940542,LOSS
189649,later,B1A,0.1374895379814073,0.4411695634024834,-0.3036800254210761,WIN
189650,later,B1A,0.1699439778423281,0.5703446712011269,-0.4004006933587988,WIN
189652,later,B1A,0.1781385530057603,0.4529169643592184,-0.27477841135345815,WIN
195261,later,B1A,0.1697792788135332,0.2156722114432031,-0.0458929326296699,WIN
195265,later,B1A,0.1880751743690242,0.5735089520068943,-0.3854337776378701,WIN
195266,later,B1A,0.2512944925106523,0.4948636137863182,-0.24356912127566593,WIN
195268,later,B1A,0.2617329850600386,0.2931147322531499,-0.031381747193111265,WIN
195269,later,B1A,0.2077212378630986,0.4204266618593457,-0.2127054239962471,WIN
195274,later,B1A,0.499649267736147,0.3401113954584572,0.15953787227768979,LOSS
195626,later,B1A,0.1402416861252779,0.2535237173122274,-0.11328203118694949,WIN
195642,later,B1A,0.0801776221388742,0.3453862459751186,-0.2652086238362444,WIN
195645,later,B1A,0.1211655672429321,0.3538352596062377,-0.2326696923633056,WIN
195648,later,B1A,0.0504973280382959,0.4077308305438281,-0.3572335025055322,WIN
195649,later,B1A,0.1013440042194344,0.352307755401501,-0.2509637511820666,WIN
195651,later,B1A,0.1693317910890801,0.3611633872228153,-0.1918315961337352,WIN
195652,later,B1A,0.1391419137467811,0.3231619510637663,-0.18402003731698519,WIN
195659,later,B1A,0.1308391260664134,0.3329747440257298,-0.2021356179593164,WIN
155537,earlier,B2,0.0881634176028925,0.0831883959181079,0.0049750216847846,TIE
159310,earlier,B2,0.1024085998029482,0.0839959348117087,0.018412664991239502,LOSS
160717,earlier,B2,0.3667649468845722,0.4965363996384901,-0.12977145275391794,WIN
160719,earlier,B2,0.1743859588532056,0.1945533117765101,-0.020167352923304516,WIN
160721,earlier,B2,0.1477670102128884,0.2080172413826022,-0.060250231169713786,WIN
161136,earlier,B2,0.3507506315519817,0.3156553616512298,0.0350952699007519,LOSS
161145,earlier,B2,0.1348071042439103,0.0871710442787119,0.04763605996519839,LOSS
161414,earlier,B2,0.1316860054311389,0.1685029894296605,-0.036816983998521596,WIN
165017,earlier,B2,0.2002137627391678,0.2002387925049217,-2.5029765753886712e-05,TIE
165026,earlier,B2,0.1649247648569792,0.2031919849589269,-0.03826722010194769,WIN
165027,earlier,B2,0.1190299581843449,0.1841175659455933,-0.0650876077612484,WIN
165029,earlier,B2,0.1546676472311377,0.1693874470854998,-0.014719799854362087,WIN
165031,earlier,B2,0.3144382275033943,0.1840961242766317,0.1303421032267626,LOSS
165043,earlier,B2,0.1597994106811542,0.3958084694376467,-0.2360090587564925,WIN
165860,earlier,B2,0.1011016505227557,0.1224623632632708,-0.021360712740515098,WIN
165955,earlier,B2,0.1935103166218603,0.1422975450952511,0.05121277152660919,LOSS
165965,earlier,B2,0.1897777329274167,0.0881461659635806,0.1016315669638361,LOSS
170394,earlier,B2,0.2196926846708603,0.1770224190946304,0.04267026557622991,LOSS
170411,earlier,B2,0.1236438541971501,0.2545409236613961,-0.13089706946424598,WIN
186997,earlier,B2,0.2431984910921842,0.2939529428341234,-0.05075445174193918,WIN
187018,earlier,B2,0.3085991152311767,0.5152196233534804,-0.20662050812230365,WIN
187019,earlier,B2,11.952633158377472,0.7097049756296445,11.242928182747827,LOSS
187021,earlier,B2,0.2339909427410042,0.4352931615544974,-0.20130221881349317,WIN
187022,earlier,B2,11.766571685014748,0.6637003963208771,11.102871288693871,LOSS
189646,later,B2,0.2402300600201362,0.760891077852463,-0.5206610178323268,WIN
189649,later,B2,0.1374895379814073,0.6604261067530973,-0.52293656877169,WIN
189650,later,B2,0.1699439778423281,0.1570832522020405,0.01286072564028759,LOSS
189652,later,B2,0.1781385530057603,0.5735377994265473,-0.39539924642078694,WIN
195261,later,B2,0.1697792788135332,0.1656191276880664,0.0041601511254668044,TIE
195265,later,B2,0.1880751743690242,0.2248535373243883,-0.036778362955364075,WIN
195266,later,B2,0.2512944925106523,0.2134401557645995,0.03785433674605279,LOSS
195268,later,B2,0.2617329850600386,0.3177818665336363,-0.05604888147359771,WIN
195269,later,B2,0.2077212378630986,0.1488348720129697,0.05888636585012891,LOSS
195274,later,B2,0.499649267736147,1.256006521899823,-0.756357254163676,WIN
195626,later,B2,0.1402416861252779,0.0810224228675109,0.05921926325776701,LOSS
195642,later,B2,0.0801776221388742,0.0848292793366851,-0.00465165719781091,TIE
195645,later,B2,0.1211655672429321,0.2163544059545165,-0.09518883871158439,WIN
195648,later,B2,0.0504973280382959,0.0740896598179085,-0.02359233177961259,WIN
195649,later,B2,0.1013440042194344,0.1263445849293225,-0.025000580709888087,WIN
195651,later,B2,0.1693317910890801,0.10306906933107,0.06626272175801011,LOSS
195652,later,B2,0.1391419137467811,0.0758787836257261,0.06326313012105499,LOSS
195659,later,B2,0.1308391260664134,0.1602002638504755,-0.029361137784062102,WIN
155537,earlier,B3,0.0881634176028925,0.0543023069441043,0.03386111065878819,LOSS
159310,earlier,B3,0.1024085998029482,0.1188406160697255,-0.016432016266777302,WIN
160717,earlier,B3,0.3667649468845722,0.5825744451608965,-0.21580949827632434,WIN
160719,earlier,B3,0.1743859588532056,0.1742580653470025,0.00012789350620309725,TIE
160721,earlier,B3,0.1477670102128884,0.2375427978263988,-0.0897757876135104,WIN
161136,earlier,B3,0.3507506315519817,0.6648288343287756,-0.3140782027767939,WIN
161145,earlier,B3,0.1348071042439103,0.1031821036411024,0.03162500060280789,LOSS
161414,earlier,B3,0.1316860054311389,0.1600151547785339,-0.028329149347395,WIN
165017,earlier,B3,0.2002137627391678,0.2198156557142685,-0.019601892975100704,WIN
165026,earlier,B3,0.1649247648569792,0.1869956606653376,-0.022070895808358387,WIN
165027,earlier,B3,0.1190299581843449,0.0937526734713824,0.025277284712962506,LOSS
165029,earlier,B3,0.1546676472311377,0.1128814171799284,0.04178623005120931,LOSS
165031,earlier,B3,0.3144382275033943,0.1547988837076923,0.159639343795702,LOSS
165043,earlier,B3,0.1597994106811542,0.2575010160910153,-0.09770160540986109,WIN
165860,earlier,B3,0.1011016505227557,0.0801753282156556,0.020926322307100106,LOSS
165955,earlier,B3,0.1935103166218603,0.1329226050906131,0.0605877115312472,LOSS
165965,earlier,B3,0.1897777329274167,0.1132815553336194,0.0764961775937973,LOSS
170394,earlier,B3,0.2196926846708603,0.2677463549864536,-0.048053670315593294,WIN
170411,earlier,B3,0.1236438541971501,0.1366026664784562,-0.012958812281306104,WIN
186997,earlier,B3,0.2431984910921842,0.2045707498630594,0.038627741229124796,LOSS
187018,earlier,B3,0.3085991152311767,1.0005515138831895,-0.6919523986520129,WIN
187019,earlier,B3,11.952633158377472,0.8460346923831442,11.106598465994328,LOSS
187021,earlier,B3,0.2339909427410042,1.6735848870903738,-1.4395939443493695,WIN
187022,earlier,B3,11.766571685014748,0.9824483744091538,10.784123310605594,LOSS
189646,later,B3,0.2402300600201362,0.4413583656170429,-0.2011283055969067,WIN
189649,later,B3,0.1374895379814073,0.3137927735792948,-0.1763032355978875,WIN
189650,later,B3,0.1699439778423281,0.553676804933568,-0.3837328270912399,WIN
189652,later,B3,0.1781385530057603,0.2520638794234991,-0.07392532641773883,WIN
195261,later,B3,0.1697792788135332,0.1873826632230843,-0.017603384409551115,WIN
195265,later,B3,0.1880751743690242,0.4683539244177681,-0.28027875004874386,WIN
195266,later,B3,0.2512944925106523,0.3091985417924008,-0.057904049281748526,WIN
195268,later,B3,0.2617329850600386,0.3218717795965692,-0.06013879453653059,WIN
195269,later,B3,0.2077212378630986,0.1450991867036053,0.06262205115949329,LOSS
195274,later,B3,0.499649267736147,0.5841652253693116,-0.0845159576331646,WIN
195626,later,B3,0.1402416861252779,0.0460237988052605,0.0942178873200174,LOSS
195642,later,B3,0.0801776221388742,0.0524428255806712,0.027734796558202997,LOSS
195645,later,B3,0.1211655672429321,0.1062175537584634,0.014948013484468711,LOSS
195648,later,B3,0.0504973280382959,0.0367345313098245,0.013762796728471402,LOSS
195649,later,B3,0.1013440042194344,0.0963025606148097,0.005041443604624704,TIE
195651,later,B3,0.1693317910890801,0.1328723943292926,0.036459396759787516,LOSS
195652,later,B3,0.1391419137467811,0.0841225115950733,0.055019402151707794,LOSS
195659,later,B3,0.1308391260664134,0.1595972250640599,-0.028758098997646503,WIN
155537,earlier,H0,0.0881634176028925,0.0819241722799428,0.006239245322949699,TIE
159310,earlier,H0,0.1024085998029482,0.0848970053587876,0.017511594444160603,LOSS
160717,earlier,H0,0.3667649468845722,0.5005732749222361,-0.13380832803766396,WIN
160719,earlier,H0,0.1743859588532056,0.1826371394630611,-0.008251180609855496,TIE
160721,earlier,H0,0.1477670102128884,0.2075278620051441,-0.05976085179225568,WIN
161136,earlier,H0,0.3507506315519817,0.3263262280495477,0.024424403502434022,LOSS
161145,earlier,H0,0.1348071042439103,0.0835039791550174,0.0513031250888929,LOSS
161414,earlier,H0,0.1316860054311389,0.1686575216828292,-0.03697151625169029,WIN
165017,earlier,H0,0.2002137627391678,0.2168633707237625,-0.016649607984594694,WIN
165026,earlier,H0,0.1649247648569792,0.1866521093130828,-0.02172734445610358,WIN
165027,earlier,H0,0.1190299581843449,0.1663786701395826,-0.047348711955237696,WIN
165029,earlier,H0,0.1546676472311377,0.1785882292658492,-0.02392058203471148,WIN
165031,earlier,H0,0.3144382275033943,0.196242835677721,0.11819539182567329,LOSS
165043,earlier,H0,0.1597994106811542,0.3908895972883459,-0.2310901866071917,WIN
165860,earlier,H0,0.1011016505227557,0.1235540546794593,-0.022452404156703604,WIN
165955,earlier,H0,0.1935103166218603,0.1393367962789394,0.05417352034292089,LOSS
165965,earlier,H0,0.1897777329274167,0.0888652693542389,0.1009124635731778,LOSS
170394,earlier,H0,0.2196926846708603,0.1706546049998952,0.0490380796709651,LOSS
170411,earlier,H0,0.1236438541971501,0.245003549573638,-0.12135969537648791,WIN
186997,earlier,H0,0.2431984910921842,0.2688211307336695,-0.025622639641485284,WIN
187018,earlier,H0,0.3085991152311767,0.469300430826512,-0.1607013155953353,WIN
187019,earlier,H0,11.952633158377472,0.7074843085921024,11.24514884978537,LOSS
187021,earlier,H0,0.2339909427410042,0.4667436737660848,-0.23275273102508057,WIN
187022,earlier,H0,11.766571685014748,0.6950492386911534,11.071522446323595,LOSS
189646,later,H0,0.2402300600201362,0.8809500467976171,-0.6407199867774809,WIN
189649,later,H0,0.1374895379814073,0.6894236187663871,-0.5519340807849799,WIN
189650,later,H0,0.1699439778423281,0.1724870379825911,-0.0025430601402630093,TIE
189652,later,H0,0.1781385530057603,0.5638674290759577,-0.38572887607019735,WIN
195261,later,H0,0.1697792788135332,0.1745913669325571,-0.004812088119023922,TIE
195265,later,H0,0.1880751743690242,0.2228817077025504,-0.03480653333352618,WIN
195266,later,H0,0.2512944925106523,0.2159677661121492,0.03532672639850307,LOSS
195268,later,H0,0.2617329850600386,0.3188249163487932,-0.05709193128875456,WIN
195269,later,H0,0.2077212378630986,0.1465011060773467,0.06122013178575189,LOSS
195274,later,H0,0.499649267736147,1.2323499826771365,-0.7327007149409894,WIN
195626,later,H0,0.1402416861252779,0.0846936335372903,0.055548052587987604,LOSS
195642,later,H0,0.0801776221388742,0.0809517682796638,-0.0007741461407896055,TIE
195645,later,H0,0.1211655672429321,0.2108169170477963,-0.08965134980486418,WIN
195648,later,H0,0.0504973280382959,0.0867073721048229,-0.036210044066527,WIN
195649,later,H0,0.1013440042194344,0.1267758342042128,-0.025431829984778387,WIN
195651,later,H0,0.1693317910890801,0.1044270246712269,0.06490476641785321,LOSS
195652,later,H0,0.1391419137467811,0.0723304836616853,0.06681143008509578,LOSS
195659,later,H0,0.1308391260664134,0.1465934601313106,-0.015754334064897207,WIN
