shot_id,era,n_eligible_blocks,blocks,evaluable,REL_nrmse,REL_mse,REL_rmse,B0_nrmse,B0_mse,B0_rmse,B1_nrmse,B1_mse,B1_rmse,B1A_nrmse,B1A_mse,B1A_rmse,B2_nrmse,B2_mse,B2_rmse,B3_nrmse,B3_mse,B3_rmse,H0_nrmse,H0_mse,H0_rmse,S_pers_REL,S_pers_undefined
155537,earlier,3,ABC,True,0.08816341760289252,5.217410751727017e+35,6.581304909987718e+17,0.6240865199904772,2.649377761035848e+37,4.676052398177543e+18,0.09285395380123178,5.61593481831348e+35,6.933289739289755e+17,0.33291157424737366,7.615597381940339e+36,2.500714603615957e+18,0.08318839591810791,4.362609898055869e+35,6.187688641605649e+17,0.05430230694410431,1.5421318900251044e+35,3.925238424490196e+17,0.08192417227994285,4.07183452574623e+35,6.079114780002625e+17,0.0709630861965993,False
159310,earlier,3,ABC,True,0.10240859980294825,8.619148203806149e+35,8.85866372386751e+17,0.2990341728226806,6.825599939842438e+36,2.557749495627734e+18,0.10166566910684167,1.2006271735508073e+36,9.18106130500252e+17,0.11571171116456182,9.20821750411546e+35,9.560304209808462e+17,0.08399593481170879,5.860337844030992e+35,7.276311846973134e+17,0.11884061606972555,1.4322758594187488e+36,1.0586995820416614e+18,0.08489700535878769,5.9359178708093206e+35,7.345475022901946e+17,0.2821128495438463,False
160717,earlier,3,ABC,True,0.3667649468845722,1.8654268922019378e+37,3.9064307604376837e+18,1.5544479434454168,3.171426571071894e+38,1.6526581329173322e+19,0.1731689681899915,4.6410115659060363e+36,1.872012879926529e+18,0.2910103741430942,9.129315002586034e+36,3.00710677470027e+18,0.49653639963849017,4.935683719934539e+37,5.490953594827818e+18,0.5825744451608965,1.0060681161042708e+38,6.660697148365688e+18,0.5005732749222361,4.826737412113994e+37,5.518044262692823e+18,-3.019440300269456,False
160719,earlier,3,ABC,True,0.1743859588532056,3.139256616669928e+36,1.6306725808522322e+18,0.9513685675116085,7.809596129261076e+37,8.830775188950893e+18,0.09170482991659971,7.925319437589436e+35,8.569094973421208e+17,0.23292255562363529,4.783789365459503e+36,2.169568932015106e+18,0.1945533117765101,3.4925787564912e+36,1.801325099307873e+18,0.1742580653470025,4.149496992721086e+36,1.6490447967745016e+18,0.18263713946306118,3.0481188078033786e+36,1.6910968202966868e+18,-2.961047427035653,False
160721,earlier,3,ABC,True,0.14776701021288843,1.556448675420616e+36,1.2300409781118031e+18,0.8425905412686653,4.921170920842228e+37,6.970635563326353e+18,0.14959738770490746,1.8160681117553725e+36,1.2012134318413888e+18,0.3069642225599076,8.22111109677249e+36,2.60574454713903e+18,0.20801724138260227,5.400916367099369e+36,1.795300418299563e+18,0.23754279782639887,4.5484915140281404e+36,1.975007766925192e+18,0.2075278620051441,5.396808033241246e+36,1.7907907778533768e+18,0.14295688286923003,False
161136,earlier,3,ABC,True,0.3507506315519817,3.893112944178119e+36,1.837177410114691e+18,1.2135362702776442,4.309591455555179e+37,6.492837085652508e+18,0.6091521244408399,1.081725651098671e+37,3.2624584604197985e+18,0.4352324382730918,9.148737826697667e+36,2.670849176436331e+18,0.3156553616512298,3.3066792641898236e+36,1.6839725359580803e+18,0.6648288343287756,1.3023886794576414e+37,3.476797936722194e+18,0.3263262280495477,3.4661026597332907e+36,1.7384491720963679e+18,0.6401016338824894,False
161145,earlier,3,ABC,True,0.13480710424391038,1.4079245699511085e+36,1.0854422419568835e+18,0.7420008324067523,3.925833398374405e+37,6.207958807217745e+18,0.09493236808041135,7.819145331238085e+35,7.633100552825489e+17,0.2993731457335233,8.572145946271358e+36,2.594482540826303e+18,0.08717104427871192,6.971518611603995e+35,6.908834203685453e+17,0.10318210364110249,1.046855193484204e+36,8.190023826152186e+17,0.0835039791550174,6.18431918988679e+35,6.638019230493692e+17,-0.8006118447835238,False
161414,earlier,3,ABC,True,0.13168600543113892,7.008290753018293e+35,8.05744271490134e+17,0.6572331457657089,1.6304076512983984e+37,3.949882649564315e+18,0.2099593209737157,2.054820921685918e+36,1.274481751930214e+18,0.20750279914216996,1.6116853066654418e+36,1.2519883242773156e+18,0.1685029894296605,1.1888552911263507e+36,1.0361539347733572e+18,0.1600151547785339,1.1413049125782293e+36,9.65029617527571e+17,0.16865752168282921,1.199622791722036e+36,1.0379967719059309e+18,0.6589342322216476,False
165017,earlier,3,ABC,True,0.20021376273916783,7.497041130322574e+36,2.377856603890389e+18,0.4655749162132672,3.7106558883846384e+37,5.468958771160509e+18,0.3533484427576376,3.601561560753109e+37,4.3470830307380613e+18,0.5741594632662979,1.0493703458661858e+38,7.153851924284596e+18,0.20023879250492171,8.28166541426878e+36,2.3982694111801426e+18,0.21981565571426853,7.61869739897767e+36,2.564588510775835e+18,0.21686337072376258,1.0291667799117718e+37,2.608786346226574e+18,0.7918391507722862,False
165026,earlier,3,ABC,True,0.16492476485697927,3.056754903354854e+36,1.7249171771679273e+18,0.8773247749317395,9.312624431001486e+37,9.212582704585848e+18,0.12688897082435938,2.2544478637289116e+36,1.3392964713066483e+18,0.23734684641906578,6.587591155218011e+36,2.4891890162475325e+18,0.20319198495892696,6.269709465835727e+36,2.1549692383047032e+18,0.18699566066533765,5.672409105130467e+36,1.9868864832961994e+18,0.18665210931308285,5.061449695653068e+36,1.9772968808646676e+18,-0.3558773979802341,False
165027,earlier,3,ABC,True,0.11902995818434499,1.9051306967680312e+36,1.2332818471245274e+18,0.8372644571711064,8.010714080930547e+37,8.650598441328348e+18,0.07940256579346183,6.839716029227351e+35,8.102185953969628e+17,0.28879041166489117,1.0775287610293009e+37,3.0097190601838843e+18,0.18411756594559334,7.049939956377158e+36,1.9456365034636137e+18,0.0937526734713824,1.2622576908215768e+36,9.778081672349297e+17,0.1663786701395826,5.380343981028997e+36,1.7535271020661614e+18,-1.7853944354225542,False
165029,earlier,3,ABC,True,0.15466764723113777,2.845139154410136e+36,1.4475485424711928e+18,0.5691302755725592,3.2438687100857647e+37,5.24784792858832e+18,0.10415192419369418,9.966459903997863e+35,9.537553715203656e+17,0.2602107746301181,6.241929783650175e+36,2.3879268674228014e+18,0.1693874470854998,2.640675442867807e+36,1.545824804961332e+18,0.11288141717992846,1.208741409974201e+36,1.0318643600449229e+18,0.17858822926584925,2.9359278333996665e+36,1.6270788267337103e+18,-1.8547138922104733,False
165031,earlier,3,ABC,True,0.3144382275033943,1.3463658918455654e+37,3.2000643898367974e+18,0.7517315499643177,6.116845113038646e+37,7.523714711725253e+18,0.5653403261116127,6.177251904735691e+37,5.651639591069998e+18,0.8776916672658365,1.2547253348187429e+38,8.860651123083044e+18,0.18409612427663172,4.2726104964888216e+36,1.8642485207464223e+18,0.15479888370769235,2.895755005728971e+36,1.554507763893724e+18,0.19624283567772105,4.8963961839763127e+36,1.9885593563670065e+18,0.7820445219639828,False
165043,earlier,3,ABC,True,0.15979941068115422,2.677186535773706e+36,1.5593103680468705e+18,0.9051549901825879,7.756855902198376e+37,8.753556332104111e+18,0.17773415706201234,4.631568211771704e+36,1.706519204909019e+18,0.24620489483670346,6.501210787454485e+36,2.408073192110307e+18,0.39580846943764675,2.712607255639576e+37,3.815453761033748e+18,0.25750101609101533,1.17758230778373e+37,2.481717176166925e+18,0.39088959728834594,2.6372939982996204e+37,3.7673747416834954e+18,0.4219697490432496,False
165860,earlier,3,ABC,True,0.10110165052275576,1.1455473699485947e+36,1.0164030263220973e+18,0.9149293351920438,9.291721608845493e+37,9.223604418583914e+18,0.10930988933174601,1.2506683861051223e+36,1.0859169371942458e+18,0.27003945860381157,1.013078021527723e+37,2.7541241163982054e+18,0.12246236326327085,2.4514019263243982e+36,1.239293317575619e+18,0.08017532821565565,9.792058143144667e+35,8.088937853467679e+17,0.12355405467945939,2.4946130643391207e+36,1.2502517944755702e+18,0.08405186964379852,False
165955,earlier,3,ABC,True,0.19351031662186038,3.192202690479115e+36,1.7218783458957373e+18,0.32749740864055865,2.1388419617675615e+37,3.1951962880038113e+18,0.21626853812628502,9.344318921490025e+36,2.1319075556600886e+18,0.41243119476763895,3.187893732890254e+37,4.0572046255766636e+18,0.14229754509525117,2.1073721719190638e+36,1.310370307574409e+18,0.13292260509061313,1.6120373273420932e+36,1.2010367788876618e+18,0.1393367962789394,2.139674963134079e+36,1.2927648204897912e+18,0.6583803787841935,False
165965,earlier,3,ABC,True,0.18977773292741673,6.438435095605105e+36,1.9389210632572762e+18,0.4746419449827948,2.422928892720837e+37,4.630916013571788e+18,0.14795028225614762,2.672355856160443e+36,1.4581846618718088e+18,0.38120121528085393,1.8063559845054536e+37,3.7773374598639877e+18,0.08814616596358062,7.039930607148724e+35,8.366419420059684e+17,0.11328155533361949,1.3077743662449619e+36,1.0996803869112248e+18,0.08886526935423894,7.13409348248696e+35,8.427755775677788e+17,-1.4092731066347004,False
170394,earlier,3,ABC,True,0.21969268467086037,8.092635089503855e+36,2.6098936243928253e+18,1.0902439055254372,1.6909231374852663e+38,1.2834422615429597e+19,0.2206892587272621,9.437979356358065e+36,2.6307639514686326e+18,0.1762266875212313,4.5821245607562296e+36,2.0874403110389955e+18,0.17702241909463048,6.159859266589671e+36,2.1121046192270694e+18,0.26774635498645366,1.281447058972565e+37,3.1635481780966584e+18,0.17065460499989527,5.714865886791142e+36,2.0366606897130796e+18,0.14254579460887395,False
170411,earlier,3,ABC,True,0.12364385419715014,2.8560205769093307e+36,1.379317123083962e+18,0.8100163335388076,8.777357619722488e+37,8.894369432269497e+18,0.08671114192208984,1.3017517639387674e+36,9.671340384108753e+17,0.3561411909557081,2.123991963533118e+37,3.9614482599905894e+18,0.2545409236613961,2.046903663649457e+37,2.890661381972476e+18,0.1366026664784562,4.40474246657008e+36,1.5333377921802033e+18,0.24500354957363804,1.9135303450280065e+37,2.7816599193447685e+18,-1.1939824903849132,False
186997,earlier,3,ABC,True,0.24319849109218425,9.798776080931535e+36,2.722735984496589e+18,1.0217782057536906,1.461745468828362e+38,1.153507072197715e+19,0.19915059035254182,8.199200890249234e+36,2.2125820396565535e+18,0.3182843026172702,1.7993062608721375e+37,3.7411070242763955e+18,0.2939529428341234,1.689153863704372e+37,3.268054826136097e+18,0.20457074986305943,1.1181959896669426e+37,2.2292578863173809e+18,0.2688211307336695,1.3345723944280805e+37,2.999906436390588e+18,-0.195089157113417,False
187018,earlier,3,ABC,True,0.3085991152311767,8.819183254253871e+36,2.8969845921073915e+18,1.7027787494803033,3.258327789074456e+38,1.7362307474889599e+19,0.3550296531477837,1.3600164716195522e+37,3.311971412346657e+18,0.26221972081914674,1.4532581355620947e+37,2.9669962586436685e+18,0.5152196233534804,4.096648178270227e+37,5.542320695327858e+18,1.0005515138831895,9.735573581826321e+37,9.513593010681467e+18,0.46930043082651207,3.818609107585207e+37,5.148821744559085e+18,0.35153849690131334,False
187019,earlier,3,ABC,True,11.952633158377472,2.070035555762746e+40,8.399461300822178e+19,1.2063721657860962,9.757988136898738e+37,9.166138759318035e+18,0.1774456668879357,1.7733278082519792e+36,1.3254220229766234e+18,0.3256119667215395,6.009511069297657e+36,2.446328922539763e+18,0.7097049756296445,6.1014159432204e+37,5.55257381969025e+18,0.8460346923831442,5.1570175051829495e+37,6.261251745385186e+18,0.7074843085921024,6.132180611535058e+37,5.538715410197399e+18,-11672.169202727613,False
187021,earlier,3,ABC,True,0.2339909427410042,1.679098427763569e+36,1.222459058099758e+18,1.1415465930682869,3.7569351644788364e+37,5.996878405184472e+18,0.37206701873055253,4.0615375991341074e+36,1.9736221495005197e+18,0.41047270532384056,7.896930322253737e+36,2.263264447839835e+18,0.43529316155449743,9.061343463912853e+36,2.395721643702715e+18,1.6735848870903738,8.962210391979832e+37,8.954722060392345e+18,0.46674367376608483,1.07249268416602e+37,2.574133137388228e+18,0.5865855265942777,False
187022,earlier,3,ABC,True,11.766571685014748,1.2462362530741055e+40,6.5520735667358e+19,0.9835375611479736,3.454927508167993e+37,5.724810845541055e+18,0.23447942047413192,2.3847745050702013e+36,1.3454298577474092e+18,0.3612214852515412,6.144023401557291e+36,2.1774186394547814e+18,0.6637003963208771,2.2961823790593124e+37,3.845593123347099e+18,0.9824483744091538,4.158715354233211e+37,5.64056595912419e+18,0.6950492386911534,2.308474206719066e+37,4.037172355806032e+18,-5224.803321968253,False
189646,later,3,ABC,True,0.24023006002013625,1.7024812117224196e+37,3.7299885086853094e+18,1.1006477448202614,3.022978634087363e+38,1.6858975618746788e+19,0.25377827736642505,1.7623621475784286e+37,3.8450340919691694e+18,0.20662287852608205,1.4633298593696872e+37,3.260791105182005e+18,0.760891077852463,2.0674376390273716e+38,1.1355161486977694e+19,0.44135836561704295,9.57142648246939e+37,6.958182086164999e+18,0.8809500467976171,3.0000818855105448e+38,1.309307095592693e+19,0.033977656600425954,False
189649,later,3,ABC,True,0.13748953798140737,6.777409689506265e+36,2.398696698587413e+18,1.1461750536735713,4.077356680247905e+38,1.9993510958091583e+19,0.257508794644327,2.3510992783291537e+37,4.510059528880525e+18,0.4411695634024834,7.528524968693969e+37,7.737878331394033e+18,0.6604261067530973,1.9202864670507043e+38,1.1366877059005975e+19,0.3137927735792948,4.146982827740377e+37,5.42815521888242e+18,0.6894236187663871,2.1390846835813872e+38,1.1861445001848117e+19,0.7117344319750403,False
189650,later,3,ABC,True,0.16994397784232815,1.927492160982568e+37,3.9279194659362775e+18,1.3105101549259375,8.79453954412469e+38,2.76261462888775e+19,0.20629343077675175,3.2994230793216425e+37,4.712096205901702e+18,0.5703446712011269,1.6960872037009477e+38,1.212140735908865e+19,0.15708325220204059,1.2670316760342155e+37,3.3797466423321144e+18,0.553676804933568,2.2012562051682108e+38,1.279658960965608e+19,0.17248703798259113,1.5886306839234666e+37,3.623790294165566e+18,0.41580933555848865,False
189652,later,3,ABC,True,0.17813855300576034,1.9373821317919392e+37,3.9842504465056527e+18,1.3035710522709736,8.88495246684494e+38,2.6733857375377834e+19,0.2142787348231652,2.291109572777573e+37,4.424543597332025e+18,0.4529169643592184,9.434793343223919e+37,9.54744784071733e+18,0.5735377994265473,2.325977894387754e+38,1.0799059521216039e+19,0.2520638794234991,3.3761835528773326e+37,5.346256368844899e+18,0.5638674290759577,2.2604438516501465e+38,1.0607561586696378e+19,0.15439132426861646,False
195261,later,3,ABC,True,0.16977927881353325,2.9128150688673367e+36,1.5080624968276554e+18,0.8312987937603137,5.4965025883845965e+37,7.2941086284537e+18,0.17555612097362483,2.617018014361364e+36,1.543230108573814e+18,0.21567221144320317,3.9755068756227126e+36,1.8900819151627753e+18,0.16561912768806644,3.3604207645440176e+36,1.4802934809682908e+18,0.1873826632230843,5.511844364021693e+36,1.6892302156377577e+18,0.17459136693255717,3.9866159555363125e+36,1.5645183676016558e+18,-0.11302828367352924,False
195265,later,3,ABC,True,0.1880751743690242,2.945091954797643e+36,1.6250891229337907e+18,1.1131575026295566,1.0198870712891166e+38,9.624611947110277e+18,0.4316920031638589,1.4584074323972476e+37,3.765838287472875e+18,0.5735089520068943,2.630406230905857e+37,4.95060251918565e+18,0.22485353732438837,4.304119337615458e+36,1.946677385482494e+18,0.46835392441776813,2.1068052605878514e+37,4.048792884998247e+18,0.22288170770255045,4.2904602850140905e+36,1.9290699914108838e+18,0.7980610980597742,False
195266,later,3,ABC,True,0.25129449251065233,4.8385021481033603e+36,1.999542272814121e+18,1.2670768773451366,1.1924639363380245e+38,1.0087088365385925e+19,0.43026013763228743,1.2162985363483792e+37,3.4692569782125317e+18,0.49486361378631827,2.185630966363672e+37,3.9365867717026186e+18,0.21344015576459952,3.3640231911198754e+36,1.7003883815131494e+18,0.30919854179240086,7.233653020472716e+36,2.4614118286496814e+18,0.21596776611214927,3.439274531074518e+36,1.721215355214663e+18,0.6021945267952301,False
195268,later,3,ABC,True,0.2617329850600386,7.634704772326049e+36,2.5849695471701765e+18,1.1143911581698183,1.3927369422904009e+38,1.139419316096504e+19,0.32065791342110056,1.173568407528047e+37,3.1188994656628424e+18,0.2931147322531499,9.263242797509152e+36,2.9358613100732646e+18,0.3177818665336363,1.444391060235548e+37,3.3011935401293686e+18,0.32187177959656926,1.72329369808934e+37,3.344542631736191e+18,0.31882491634879323,1.4785821557038905e+37,3.317349479828237e+18,0.34944527107648915,False
195269,later,3,ABC,True,0.2077212378630986,4.57617043928747e+36,1.8404598013166216e+18,0.6520366256886133,5.435545961745617e+37,5.83536150556866e+18,0.2750832712876768,9.010804437456337e+36,2.4616194058871076e+18,0.4204266618593457,2.910637159505389e+37,3.7602095758975186e+18,0.14883487201296972,1.9074101493099255e+36,1.3273392978078008e+18,0.14509918670360533,1.7501778182517842e+36,1.2925415042154396e+18,0.14650110607734676,1.8557838242483386e+36,1.3065763874497385e+18,0.49214629270333177,False
195274,later,3,ABC,True,0.49964926773614704,3.8630293463756997e+37,4.922660094432536e+18,0.8847909665477434,9.64695455727074e+37,8.839554268916131e+18,0.35739351937124253,1.6413473570029972e+37,3.5541427010143805e+18,0.3401113954584572,1.3156536791422545e+37,3.4678422579002614e+18,1.256006521899823,3.572733671180409e+38,1.2099922370302257e+19,0.5841652253693116,6.721975055658977e+37,5.675442540094181e+18,1.2323499826771365,3.545998449056065e+38,1.1857559817344035e+19,-1.35357210031968,False
195626,later,3,ABC,True,0.1402416861252779,3.261057603277385e+36,1.8021337832979395e+18,0.517077578402707,4.864313551657058e+37,6.7956119461048e+18,0.12488923678305974,2.993799202796505e+36,1.6139792086129388e+18,0.2535237173122274,1.6465478123203056e+37,3.488288517821626e+18,0.08102242286751092,1.3271768939054234e+36,1.077106473334142e+18,0.04602379880526051,4.297943068198187e+35,6.117085777837477e+17,0.08469363353729037,1.4703115997077877e+36,1.1268669729793624e+18,-0.08927064989236233,False
195642,later,3,ABC,True,0.08017762213887424,2.4306350012109475e+36,1.5248127301165658e+18,0.9026993135002749,3.2813821323205438e+38,1.7171145529224202e+19,0.063347835942887,1.4734231136790485e+36,1.2007528378604815e+18,0.34538624597511863,5.834976391390317e+37,6.57355170652983e+18,0.08482927933668512,2.808672953965995e+36,1.613523069503777e+18,0.0524428255806712,1.2927706077583438e+36,9.974484817228421e+17,0.08095176827966387,2.563031000777751e+36,1.540365504931031e+18,-0.64965173862503,False
195645,later,3,ABC,True,0.12116556724293213,6.55880439390203e+36,2.4174598934028175e+18,0.8204103931914547,3.56976224277801e+38,1.6319756108434512e+19,0.15230453747136424,1.283823280701981e+37,3.06835674735925e+18,0.3538352596062377,6.996330036202237e+37,7.114483989314802e+18,0.21635440595451658,2.303248750111048e+37,4.270248075076575e+18,0.10621755375846348,5.265127695386766e+36,2.1237464298856282e+18,0.21081691704779634,2.0969748789099572e+37,4.159441603516283e+18,0.4891193755019192,False
195648,later,3,ABC,True,0.05049732803829598,1.208598666726877e+36,9.821472351680872e+17,1.0139877619865232,4.071302240404637e+38,1.9374371735480308e+19,0.07412348774273196,2.4641714456333212e+36,1.4393646795604045e+18,0.40773083054382814,6.862377809882691e+37,7.798206573316679e+18,0.07408965981790853,2.0697752932501788e+36,1.4257501582667302e+18,0.036734531309824535,5.384384608219879e+35,7.010300656713871e+17,0.08670737210482297,2.8166135029556976e+36,1.6623339359885043e+18,0.5095314212537461,False
195649,later,3,ABC,True,0.10134400421943444,5.0408859236643985e+36,1.9307784204625334e+18,0.9349622963837559,3.400713310886073e+38,1.7826030554889773e+19,0.07406065139566194,2.0607028076745798e+36,1.399236518212239e+18,0.35230775540150105,4.93856088158951e+37,6.72479380475943e+18,0.12634458492932252,7.983436217333849e+36,2.4163293522926106e+18,0.09630256061480975,5.695045611135505e+36,1.8441079946673856e+18,0.1267758342042128,8.097312311566991e+36,2.426162353385317e+18,-1.4461974355986031,False
195651,later,3,ABC,True,0.16933179108908017,1.0463836466712906e+37,2.678081291507526e+18,0.9380591333802256,2.283122561960173e+38,1.4718775141051451e+19,0.12442272137542315,4.6319626203568677e+36,1.925544932327118e+18,0.3611633872228153,3.3764196540674824e+37,5.6347660003774e+18,0.10306906933107,3.0680137334487215e+36,1.6107963581808407e+18,0.13287239432929263,8.05251465943361e+36,2.0893613025027904e+18,0.10442702467122696,3.1596107723646243e+36,1.6309750601637798e+18,-1.2590502826438446,False
195652,later,3,ABC,True,0.13914191374678112,5.804181448343616e+36,2.2816532371338248e+18,0.7518216571204341,1.987454548556205e+38,1.2368711999574944e+19,0.10901002965027773,3.6158885244993555e+36,1.7878438217451182e+18,0.3231619510637663,3.1262126570076234e+37,5.297773065002687e+18,0.07587878362572617,1.7367294483188484e+36,1.2410886799771057e+18,0.08412251159507335,3.2679661124025794e+36,1.396270502095926e+18,0.07233048366168536,1.5536042285449097e+36,1.182763850108591e+18,-0.6051881602592395,False
195659,later,3,ABC,True,0.1308391260664134,5.570377090688522e+36,2.2347766338969334e+18,1.1768165843817109,4.52367775390789e+38,2.0138992981822198e+19,0.13785390395694044,6.220936437263363e+36,2.355201492724763e+18,0.33297474402572985,3.8876418246451084e+37,5.634121602957526e+18,0.1602002638504755,8.814125730282281e+36,2.7175151989986816e+18,0.15959722506405996,1.1543148195409836e+37,2.6363958016866063e+18,0.14659346013131064,7.12314194750897e+36,2.4990593979907466e+18,0.10457579066038913,False
