signal_index,signal_id,canonical_name,archive_name,dalia_name,aliases,signal_group,scientific_description,units,units_status,units_evidence_class,dimensional_signature,semantic_type,is_dimensionless,sign_convention,source_classification,origin_evidence_class,direct_or_derived_status,source_path,available_shots,native_dt_median,finite_fraction_min,provenance_status,notes
1,bt,bt,bt_data / bt_times,bt,,magnetics,Toroidal magnetic field,T,resolved_partial,LOCAL_DOCUMENTED (units registry),M T^-2 I^-1,resolved_partial,False,signed_or_unknown,DIRECT_MEASUREMENT,STRONGLY_INFERRED,DIRECT_MEASUREMENT,D:\SIR_paper\DIIID_example\data\resampled_data_v6,62,1.0,1.0,ANALYSIS_SIDE_CODE_VERIFIED; UPSTREAM_RESAMPLE_DOCUMENTED_OPERATION_CODE_ABSENT,"standard magnetic diagnostic with a documented physical unit; the local record does not document the sensor or compensation chain, so this remains inferred (U006)"
2,ip,ip,ip_data / ip_times,ip,,magnetics,Plasma current,A,resolved_spelling,LOCAL_DOCUMENTED (units registry),I,resolved_spelling,False,signed_or_unknown,DIRECT_MEASUREMENT,STRONGLY_INFERRED,DIRECT_MEASUREMENT,D:\SIR_paper\DIIID_example\data\resampled_data_v6,62,1.0,1.0,ANALYSIS_SIDE_CODE_VERIFIED; UPSTREAM_RESAMPLE_DOCUMENTED_OPERATION_CODE_ABSENT,"standard magnetic diagnostic with a documented physical unit; the local record does not document the sensor or compensation chain, so this remains inferred (U006)"
3,pcbcoil,pcbcoil,pcbcoil_data / pcbcoil_times,pcbcoil,,magnetics,Plasma control B-coil signal (uncalibrated),,uncalibrated,LOCAL_DOCUMENTED (units registry),UNIT_LESS_UNCALIBRATED,uncalibrated,False,signed_or_unknown,DIRECT_MEASUREMENT,LOCAL_DOCUMENTED,DIRECT_MEASUREMENT,D:\SIR_paper\DIIID_example\data\resampled_data_v6,62,0.9999999974752427,1.0,ANALYSIS_SIDE_CODE_VERIFIED; UPSTREAM_RESAMPLE_DOCUMENTED_OPERATION_CODE_ABSENT,"upstream units attribute is 'raw' -- uncalibrated digitiser output, i.e. an unprocessed sensor channel"
4,pcdiamag3,pcdiamag3,pcdiamag3_data / pcdiamag3_times,pcdiamag3,,magnetics,Diamagnetic loop signal (uncalibrated),,uncalibrated,LOCAL_DOCUMENTED (units registry),UNIT_LESS_UNCALIBRATED,uncalibrated,False,signed_or_unknown,DIRECT_MEASUREMENT,LOCAL_DOCUMENTED,DIRECT_MEASUREMENT,D:\SIR_paper\DIIID_example\data\resampled_data_v6,62,0.9999999974752427,1.0,ANALYSIS_SIDE_CODE_VERIFIED; UPSTREAM_RESAMPLE_DOCUMENTED_OPERATION_CODE_ABSENT,"upstream units attribute is 'raw' -- uncalibrated digitiser output, i.e. an unprocessed sensor channel"
5,vsurf,vsurf,vsurf_data / vsurf_times,vsurf,,magnetics,Surface loop voltage,V,documented,LOCAL_DOCUMENTED (units registry),L^2 M T^-3 I^-1,documented,False,signed_or_unknown,DIRECT_MEASUREMENT,STRONGLY_INFERRED,DIRECT_MEASUREMENT,D:\SIR_paper\DIIID_example\data\resampled_data_v6,62,20.0,1.0,ANALYSIS_SIDE_CODE_VERIFIED; UPSTREAM_RESAMPLE_DOCUMENTED_OPERATION_CODE_ABSENT,"standard magnetic diagnostic with a documented physical unit; the local record does not document the sensor or compensation chain, so this remains inferred (U006)"
6,aminor,aminor,aminor_data / aminor_times,aminor,,equilibrium_shape,Plasma minor radius (EFIT),m,documented,LOCAL_DOCUMENTED (units registry),L,documented,False,nonnegative,EQUILIBRIUM_DERIVED,LOCAL_DOCUMENTED,EQUILIBRIUM_DERIVED,D:\SIR_paper\DIIID_example\data\resampled_data_v6,62,20.0,1.0,ANALYSIS_SIDE_CODE_VERIFIED; UPSTREAM_RESAMPLE_DOCUMENTED_OPERATION_CODE_ABSENT,description names EFIT explicitly
7,area,area,area_data / area_times,area,,equilibrium_shape,Plasma poloidal cross-sectional area (EFIT),m^2,documented,LOCAL_DOCUMENTED (units registry),L^2,documented,False,nonnegative,EQUILIBRIUM_DERIVED,LOCAL_DOCUMENTED,EQUILIBRIUM_DERIVED,D:\SIR_paper\DIIID_example\data\resampled_data_v6,62,20.0,1.0,ANALYSIS_SIDE_CODE_VERIFIED; UPSTREAM_RESAMPLE_DOCUMENTED_OPERATION_CODE_ABSENT,description names EFIT explicitly
8,betan,betan,betan_data / betan_times,betan,,equilibrium_shape,Normalised beta,1,dimensionless,LOCAL_DOCUMENTED (units registry),dimensionless,dimensionless,True,signed_or_unknown,EQUILIBRIUM_DERIVED,STRONGLY_INFERRED,EQUILIBRIUM_DERIVED,D:\SIR_paper\DIIID_example\data\resampled_data_v6,62,20.0,1.0,ANALYSIS_SIDE_CODE_VERIFIED; UPSTREAM_RESAMPLE_DOCUMENTED_OPERATION_CODE_ABSENT,"equilibrium reconstruction output; EFIT family inferred from group coherence with aminor/area, which name EFIT explicitly"
9,drsep,drsep,drsep_data / drsep_times,drsep,,equilibrium_shape,Separatrix-to-separatrix distance (upper/lower balance),m,documented,LOCAL_DOCUMENTED (units registry),L,documented,False,signed_or_unknown,EQUILIBRIUM_DERIVED,STRONGLY_INFERRED,EQUILIBRIUM_DERIVED,D:\SIR_paper\DIIID_example\data\resampled_data_v6,62,20.0,1.0,ANALYSIS_SIDE_CODE_VERIFIED; UPSTREAM_RESAMPLE_DOCUMENTED_OPERATION_CODE_ABSENT,"equilibrium reconstruction output; EFIT family inferred from group coherence with aminor/area, which name EFIT explicitly"
10,kappa,kappa,kappa_data / kappa_times,kappa,,equilibrium_shape,Plasma elongation,1,dimensionless,LOCAL_DOCUMENTED (units registry),dimensionless,dimensionless,True,nonnegative,EQUILIBRIUM_DERIVED,STRONGLY_INFERRED,EQUILIBRIUM_DERIVED,D:\SIR_paper\DIIID_example\data\resampled_data_v6,62,20.0,1.0,ANALYSIS_SIDE_CODE_VERIFIED; UPSTREAM_RESAMPLE_DOCUMENTED_OPERATION_CODE_ABSENT,"equilibrium reconstruction output; EFIT family inferred from group coherence with aminor/area, which name EFIT explicitly"
11,li,li,li_data / li_times,li,,equilibrium_shape,Normalised internal inductance,1,dimensionless,LOCAL_DOCUMENTED (units registry),dimensionless,dimensionless,True,nonnegative,EQUILIBRIUM_DERIVED,STRONGLY_INFERRED,EQUILIBRIUM_DERIVED,D:\SIR_paper\DIIID_example\data\resampled_data_v6,62,20.0,1.0,ANALYSIS_SIDE_CODE_VERIFIED; UPSTREAM_RESAMPLE_DOCUMENTED_OPERATION_CODE_ABSENT,"equilibrium reconstruction output; EFIT family inferred from group coherence with aminor/area, which name EFIT explicitly"
12,q95,q95,q95_data / q95_times,q95,,equilibrium_shape,Safety factor at the 95% flux surface,1,dimensionless,LOCAL_DOCUMENTED (units registry),dimensionless,dimensionless,True,nonnegative,EQUILIBRIUM_DERIVED,STRONGLY_INFERRED,EQUILIBRIUM_DERIVED,D:\SIR_paper\DIIID_example\data\resampled_data_v6,62,20.0,1.0,ANALYSIS_SIDE_CODE_VERIFIED; UPSTREAM_RESAMPLE_DOCUMENTED_OPERATION_CODE_ABSENT,"equilibrium reconstruction output; EFIT family inferred from group coherence with aminor/area, which name EFIT explicitly"
13,rmaxis,rmaxis,rmaxis_data / rmaxis_times,rmaxis,,equilibrium_shape,Magnetic axis major radius,m,documented,LOCAL_DOCUMENTED (units registry),L,documented,False,signed_or_unknown,EQUILIBRIUM_DERIVED,STRONGLY_INFERRED,EQUILIBRIUM_DERIVED,D:\SIR_paper\DIIID_example\data\resampled_data_v6,62,20.0,1.0,ANALYSIS_SIDE_CODE_VERIFIED; UPSTREAM_RESAMPLE_DOCUMENTED_OPERATION_CODE_ABSENT,"equilibrium reconstruction output; EFIT family inferred from group coherence with aminor/area, which name EFIT explicitly"
14,rsurf,rsurf,rsurf_data / rsurf_times,rsurf,,equilibrium_shape,"Plasma boundary geometric centre, major radius",m,documented,LOCAL_DOCUMENTED (units registry),L,documented,False,signed_or_unknown,EQUILIBRIUM_DERIVED,STRONGLY_INFERRED,EQUILIBRIUM_DERIVED,D:\SIR_paper\DIIID_example\data\resampled_data_v6,62,20.0,1.0,ANALYSIS_SIDE_CODE_VERIFIED; UPSTREAM_RESAMPLE_DOCUMENTED_OPERATION_CODE_ABSENT,"equilibrium reconstruction output; EFIT family inferred from group coherence with aminor/area, which name EFIT explicitly"
15,tribot,tribot,tribot_data / tribot_times,tribot,,equilibrium_shape,Bottom triangularity,1,dimensionless,LOCAL_DOCUMENTED (units registry),dimensionless,dimensionless,True,signed_or_unknown,EQUILIBRIUM_DERIVED,STRONGLY_INFERRED,EQUILIBRIUM_DERIVED,D:\SIR_paper\DIIID_example\data\resampled_data_v6,62,20.0,1.0,ANALYSIS_SIDE_CODE_VERIFIED; UPSTREAM_RESAMPLE_DOCUMENTED_OPERATION_CODE_ABSENT,"equilibrium reconstruction output; EFIT family inferred from group coherence with aminor/area, which name EFIT explicitly"
16,tritop,tritop,tritop_data / tritop_times,tritop,,equilibrium_shape,Top triangularity,1,dimensionless,LOCAL_DOCUMENTED (units registry),dimensionless,dimensionless,True,signed_or_unknown,EQUILIBRIUM_DERIVED,STRONGLY_INFERRED,EQUILIBRIUM_DERIVED,D:\SIR_paper\DIIID_example\data\resampled_data_v6,62,20.0,1.0,ANALYSIS_SIDE_CODE_VERIFIED; UPSTREAM_RESAMPLE_DOCUMENTED_OPERATION_CODE_ABSENT,"equilibrium reconstruction output; EFIT family inferred from group coherence with aminor/area, which name EFIT explicitly"
17,volume,volume,volume_data / volume_times,volume,,equilibrium_shape,Plasma volume,m^3,documented,LOCAL_DOCUMENTED (units registry),L^3,documented,False,nonnegative,EQUILIBRIUM_DERIVED,STRONGLY_INFERRED,EQUILIBRIUM_DERIVED,D:\SIR_paper\DIIID_example\data\resampled_data_v6,62,20.0,1.0,ANALYSIS_SIDE_CODE_VERIFIED; UPSTREAM_RESAMPLE_DOCUMENTED_OPERATION_CODE_ABSENT,"equilibrium reconstruction output; EFIT family inferred from group coherence with aminor/area, which name EFIT explicitly"
18,zcur,zcur,zcur_data / zcur_times,zcur,,equilibrium_shape,Vertical position of the plasma current centroid,m,documented,LOCAL_DOCUMENTED (units registry),L,documented,False,signed_or_unknown,EQUILIBRIUM_DERIVED,STRONGLY_INFERRED,EQUILIBRIUM_DERIVED,D:\SIR_paper\DIIID_example\data\resampled_data_v6,62,20.0,1.0,ANALYSIS_SIDE_CODE_VERIFIED; UPSTREAM_RESAMPLE_DOCUMENTED_OPERATION_CODE_ABSENT,"equilibrium reconstruction output; EFIT family inferred from group coherence with aminor/area, which name EFIT explicitly"
19,zmaxis,zmaxis,zmaxis_data / zmaxis_times,zmaxis,,equilibrium_shape,Magnetic axis vertical position,m,documented,LOCAL_DOCUMENTED (units registry),L,documented,False,signed_or_unknown,EQUILIBRIUM_DERIVED,STRONGLY_INFERRED,EQUILIBRIUM_DERIVED,D:\SIR_paper\DIIID_example\data\resampled_data_v6,62,20.0,1.0,ANALYSIS_SIDE_CODE_VERIFIED; UPSTREAM_RESAMPLE_DOCUMENTED_OPERATION_CODE_ABSENT,"equilibrium reconstruction output; EFIT family inferred from group coherence with aminor/area, which name EFIT explicitly"
20,zsurf,zsurf,zsurf_data / zsurf_times,zsurf,,equilibrium_shape,"Plasma boundary geometric centre, vertical position",m,documented,LOCAL_DOCUMENTED (units registry),L,documented,False,signed_or_unknown,EQUILIBRIUM_DERIVED,STRONGLY_INFERRED,EQUILIBRIUM_DERIVED,D:\SIR_paper\DIIID_example\data\resampled_data_v6,62,20.0,1.0,ANALYSIS_SIDE_CODE_VERIFIED; UPSTREAM_RESAMPLE_DOCUMENTED_OPERATION_CODE_ABSENT,"equilibrium reconstruction output; EFIT family inferred from group coherence with aminor/area, which name EFIT explicitly"
21,density,density,density_data / density_times,density,,density,Line-averaged electron density,cm^-3,documented,LOCAL_DOCUMENTED (units registry),L^-3,documented,False,nonnegative,DIAGNOSTIC_RECONSTRUCTION,LOCAL_DOCUMENTED,DIAGNOSTIC_RECONSTRUCTION,D:\SIR_paper\DIIID_example\data\resampled_data_v6,62,1.0,1.0,ANALYSIS_SIDE_CODE_VERIFIED; UPSTREAM_RESAMPLE_DOCUMENTED_OPERATION_CODE_ABSENT,"line-AVERAGED electron density: a line integral divided by a chord length, not a local measurement"
22,prmtan_neped,prmtan_neped,prmtan_neped_data / prmtan_neped_times,prmtan_neped,,density,Pedestal electron density from tanh fit,m^-3,documented,LOCAL_DOCUMENTED (units registry),L^-3,documented,False,nonnegative,DIAGNOSTIC_RECONSTRUCTION,LOCAL_DOCUMENTED,DIAGNOSTIC_RECONSTRUCTION,D:\SIR_paper\DIIID_example\data\resampled_data_v6,62,10.0,1.0,ANALYSIS_SIDE_CODE_VERIFIED; UPSTREAM_RESAMPLE_DOCUMENTED_OPERATION_CODE_ABSENT,pedestal parameter from an explicit tanh profile fit
23,prmtan_teped,prmtan_teped,prmtan_teped_data / prmtan_teped_times,prmtan_teped,,density,Pedestal electron temperature from tanh fit,eV,documented,LOCAL_DOCUMENTED (units registry),L^2 M T^-2,documented,False,nonnegative,DIAGNOSTIC_RECONSTRUCTION,LOCAL_DOCUMENTED,DIAGNOSTIC_RECONSTRUCTION,D:\SIR_paper\DIIID_example\data\resampled_data_v6,62,10.0,1.0,ANALYSIS_SIDE_CODE_VERIFIED; UPSTREAM_RESAMPLE_DOCUMENTED_OPERATION_CODE_ABSENT,pedestal parameter from an explicit tanh profile fit
24,fs04,fs04,fs04_data / fs04_times,fs04,,filterscope_dalpha,Filterscope D-alpha channel (fs04),ph/(sr cm^2 s),resolved_spelling,LOCAL_DOCUMENTED (units registry),L^-2 T^-1 (photon flux),resolved_spelling,False,signed_or_unknown,DIRECT_MEASUREMENT,LOCAL_DOCUMENTED,DIRECT_MEASUREMENT,D:\SIR_paper\DIIID_example\data\resampled_data_v6,62,0.01999999999998181,1.0,ANALYSIS_SIDE_CODE_VERIFIED; UPSTREAM_RESAMPLE_DOCUMENTED_OPERATION_CODE_ABSENT,"calibrated filterscope photon flux, ph/(sr cm^2 s); a calibrated radiometric measurement, not an inversion"
25,fs03da,fs03da,fs03da_data / fs03da_times,fs03da,,filterscope_dalpha,Filterscope D-alpha channel (fs03da),ph/(sr cm^2 s),resolved_spelling,LOCAL_DOCUMENTED (units registry),L^-2 T^-1 (photon flux),resolved_spelling,False,signed_or_unknown,DIRECT_MEASUREMENT,LOCAL_DOCUMENTED,DIRECT_MEASUREMENT,D:\SIR_paper\DIIID_example\data\resampled_data_v6,62,0.01999999999998181,1.0,ANALYSIS_SIDE_CODE_VERIFIED; UPSTREAM_RESAMPLE_DOCUMENTED_OPERATION_CODE_ABSENT,"calibrated filterscope photon flux, ph/(sr cm^2 s); a calibrated radiometric measurement, not an inversion"
26,fs04da,fs04da,fs04da_data / fs04da_times,fs04da,,filterscope_dalpha,Filterscope D-alpha channel (fs04da),ph/(sr cm^2 s),resolved_spelling,LOCAL_DOCUMENTED (units registry),L^-2 T^-1 (photon flux),resolved_spelling,False,signed_or_unknown,DIRECT_MEASUREMENT,LOCAL_DOCUMENTED,DIRECT_MEASUREMENT,D:\SIR_paper\DIIID_example\data\resampled_data_v6,62,0.01999999999998181,1.0,ANALYSIS_SIDE_CODE_VERIFIED; UPSTREAM_RESAMPLE_DOCUMENTED_OPERATION_CODE_ABSENT,"calibrated filterscope photon flux, ph/(sr cm^2 s); a calibrated radiometric measurement, not an inversion"
27,fs05da,fs05da,fs05da_data / fs05da_times,fs05da,,filterscope_dalpha,Filterscope D-alpha channel (fs05da),ph/(sr cm^2 s),resolved_spelling,LOCAL_DOCUMENTED (units registry),L^-2 T^-1 (photon flux),resolved_spelling,False,signed_or_unknown,DIRECT_MEASUREMENT,LOCAL_DOCUMENTED,DIRECT_MEASUREMENT,D:\SIR_paper\DIIID_example\data\resampled_data_v6,62,0.01999999999998181,1.0,ANALYSIS_SIDE_CODE_VERIFIED; UPSTREAM_RESAMPLE_DOCUMENTED_OPERATION_CODE_ABSENT,"calibrated filterscope photon flux, ph/(sr cm^2 s); a calibrated radiometric measurement, not an inversion"
28,gasa,gasa,gasa_data / gasa_times,gasa,,gas_injection,"Gas injection valve command, manifold A",V,resolved_partial,LOCAL_DOCUMENTED (units registry),L^2 M T^-3 I^-1,resolved_partial,False,signed_or_unknown,CONTROL_COMMAND_OR_ACTUATION,LOCAL_DOCUMENTED,CONTROL_COMMAND_OR_ACTUATION,D:\SIR_paper\DIIID_example\data\resampled_data_v6,62,2.0000000000004547,1.0,ANALYSIS_SIDE_CODE_VERIFIED; UPSTREAM_RESAMPLE_DOCUMENTED_OPERATION_CODE_ABSENT,"gas injection valve COMMAND in volts -- an actuator command, not a plasma measurement"
29,gasb,gasb,gasb_data / gasb_times,gasb,,gas_injection,"Gas injection valve command, manifold B",V,resolved_partial,LOCAL_DOCUMENTED (units registry),L^2 M T^-3 I^-1,resolved_partial,False,signed_or_unknown,CONTROL_COMMAND_OR_ACTUATION,LOCAL_DOCUMENTED,CONTROL_COMMAND_OR_ACTUATION,D:\SIR_paper\DIIID_example\data\resampled_data_v6,62,2.0000000000004547,1.0,ANALYSIS_SIDE_CODE_VERIFIED; UPSTREAM_RESAMPLE_DOCUMENTED_OPERATION_CODE_ABSENT,"gas injection valve COMMAND in volts -- an actuator command, not a plasma measurement"
30,gasc,gasc,gasc_data / gasc_times,gasc,,gas_injection,"Gas injection valve command, manifold C",V,resolved_partial,LOCAL_DOCUMENTED (units registry),L^2 M T^-3 I^-1,resolved_partial,False,signed_or_unknown,CONTROL_COMMAND_OR_ACTUATION,LOCAL_DOCUMENTED,CONTROL_COMMAND_OR_ACTUATION,D:\SIR_paper\DIIID_example\data\resampled_data_v6,62,2.0000000000004547,1.0,ANALYSIS_SIDE_CODE_VERIFIED; UPSTREAM_RESAMPLE_DOCUMENTED_OPERATION_CODE_ABSENT,"gas injection valve COMMAND in volts -- an actuator command, not a plasma measurement"
31,gasd,gasd,gasd_data / gasd_times,gasd,,gas_injection,"Gas injection valve command, manifold D",V,documented,LOCAL_DOCUMENTED (units registry),L^2 M T^-3 I^-1,documented,False,signed_or_unknown,CONTROL_COMMAND_OR_ACTUATION,LOCAL_DOCUMENTED,CONTROL_COMMAND_OR_ACTUATION,D:\SIR_paper\DIIID_example\data\resampled_data_v6,62,2.0000000000004547,1.0,ANALYSIS_SIDE_CODE_VERIFIED; UPSTREAM_RESAMPLE_DOCUMENTED_OPERATION_CODE_ABSENT,"gas injection valve COMMAND in volts -- an actuator command, not a plasma measurement"
32,pinj,pinj,pinj_data / pinj_times,pinj,,neutral_beams,Total injected neutral beam power,kW,documented,LOCAL_DOCUMENTED (units registry),L^2 M T^-3,documented,False,signed_or_unknown,CONTROL_COMMAND_OR_ACTUATION,LOCAL_DOCUMENTED,CONTROL_COMMAND_OR_ACTUATION,D:\SIR_paper\DIIID_example\data\resampled_data_v6,62,0.09999999999990905,1.0,ANALYSIS_SIDE_CODE_VERIFIED; UPSTREAM_RESAMPLE_DOCUMENTED_OPERATION_CODE_ABSENT,neutral-beam actuation output (injected power / torque); actuator-side quantity rather than a plasma diagnostic
33,pinj_15l,pinj_15l,pinj_15l_data / pinj_15l_times,pinj_15l,,neutral_beams,"Injected neutral beam power, beamline 15L",W,documented,LOCAL_DOCUMENTED (units registry),L^2 M T^-3,documented,False,signed_or_unknown,CONTROL_COMMAND_OR_ACTUATION,LOCAL_DOCUMENTED,CONTROL_COMMAND_OR_ACTUATION,D:\SIR_paper\DIIID_example\data\resampled_data_v6,62,0.09999999999990905,1.0,ANALYSIS_SIDE_CODE_VERIFIED; UPSTREAM_RESAMPLE_DOCUMENTED_OPERATION_CODE_ABSENT,neutral-beam actuation output (injected power / torque); actuator-side quantity rather than a plasma diagnostic
34,pinj_15r,pinj_15r,pinj_15r_data / pinj_15r_times,pinj_15r,,neutral_beams,"Injected neutral beam power, beamline 15R",W,documented,LOCAL_DOCUMENTED (units registry),L^2 M T^-3,documented,False,signed_or_unknown,CONTROL_COMMAND_OR_ACTUATION,LOCAL_DOCUMENTED,CONTROL_COMMAND_OR_ACTUATION,D:\SIR_paper\DIIID_example\data\resampled_data_v6,62,0.09999999999990905,1.0,ANALYSIS_SIDE_CODE_VERIFIED; UPSTREAM_RESAMPLE_DOCUMENTED_OPERATION_CODE_ABSENT,neutral-beam actuation output (injected power / torque); actuator-side quantity rather than a plasma diagnostic
35,pinj_21l,pinj_21l,pinj_21l_data / pinj_21l_times,pinj_21l,,neutral_beams,"Injected neutral beam power, beamline 21L",W,documented,LOCAL_DOCUMENTED (units registry),L^2 M T^-3,documented,False,signed_or_unknown,CONTROL_COMMAND_OR_ACTUATION,LOCAL_DOCUMENTED,CONTROL_COMMAND_OR_ACTUATION,D:\SIR_paper\DIIID_example\data\resampled_data_v6,62,0.09999999999990905,1.0,ANALYSIS_SIDE_CODE_VERIFIED; UPSTREAM_RESAMPLE_DOCUMENTED_OPERATION_CODE_ABSENT,neutral-beam actuation output (injected power / torque); actuator-side quantity rather than a plasma diagnostic
36,pinj_21r,pinj_21r,pinj_21r_data / pinj_21r_times,pinj_21r,,neutral_beams,"Injected neutral beam power, beamline 21R",W,documented,LOCAL_DOCUMENTED (units registry),L^2 M T^-3,documented,False,signed_or_unknown,CONTROL_COMMAND_OR_ACTUATION,LOCAL_DOCUMENTED,CONTROL_COMMAND_OR_ACTUATION,D:\SIR_paper\DIIID_example\data\resampled_data_v6,62,0.09999999999990905,1.0,ANALYSIS_SIDE_CODE_VERIFIED; UPSTREAM_RESAMPLE_DOCUMENTED_OPERATION_CODE_ABSENT,neutral-beam actuation output (injected power / torque); actuator-side quantity rather than a plasma diagnostic
37,pinj_30l,pinj_30l,pinj_30l_data / pinj_30l_times,pinj_30l,,neutral_beams,"Injected neutral beam power, beamline 30L",W,documented,LOCAL_DOCUMENTED (units registry),L^2 M T^-3,documented,False,signed_or_unknown,CONTROL_COMMAND_OR_ACTUATION,LOCAL_DOCUMENTED,CONTROL_COMMAND_OR_ACTUATION,D:\SIR_paper\DIIID_example\data\resampled_data_v6,62,0.09999999999990905,1.0,ANALYSIS_SIDE_CODE_VERIFIED; UPSTREAM_RESAMPLE_DOCUMENTED_OPERATION_CODE_ABSENT,neutral-beam actuation output (injected power / torque); actuator-side quantity rather than a plasma diagnostic
38,pinj_30r,pinj_30r,pinj_30r_data / pinj_30r_times,pinj_30r,,neutral_beams,"Injected neutral beam power, beamline 30R",W,documented,LOCAL_DOCUMENTED (units registry),L^2 M T^-3,documented,False,signed_or_unknown,CONTROL_COMMAND_OR_ACTUATION,LOCAL_DOCUMENTED,CONTROL_COMMAND_OR_ACTUATION,D:\SIR_paper\DIIID_example\data\resampled_data_v6,62,0.09999999999990905,1.0,ANALYSIS_SIDE_CODE_VERIFIED; UPSTREAM_RESAMPLE_DOCUMENTED_OPERATION_CODE_ABSENT,neutral-beam actuation output (injected power / torque); actuator-side quantity rather than a plasma diagnostic
39,pinj_33l,pinj_33l,pinj_33l_data / pinj_33l_times,pinj_33l,,neutral_beams,"Injected neutral beam power, beamline 33L",W,documented,LOCAL_DOCUMENTED (units registry),L^2 M T^-3,documented,False,signed_or_unknown,CONTROL_COMMAND_OR_ACTUATION,LOCAL_DOCUMENTED,CONTROL_COMMAND_OR_ACTUATION,D:\SIR_paper\DIIID_example\data\resampled_data_v6,62,0.09999999999990905,1.0,ANALYSIS_SIDE_CODE_VERIFIED; UPSTREAM_RESAMPLE_DOCUMENTED_OPERATION_CODE_ABSENT,neutral-beam actuation output (injected power / torque); actuator-side quantity rather than a plasma diagnostic
40,pinj_33r,pinj_33r,pinj_33r_data / pinj_33r_times,pinj_33r,,neutral_beams,"Injected neutral beam power, beamline 33R",W,documented,LOCAL_DOCUMENTED (units registry),L^2 M T^-3,documented,False,signed_or_unknown,CONTROL_COMMAND_OR_ACTUATION,LOCAL_DOCUMENTED,CONTROL_COMMAND_OR_ACTUATION,D:\SIR_paper\DIIID_example\data\resampled_data_v6,62,0.09999999999990905,1.0,ANALYSIS_SIDE_CODE_VERIFIED; UPSTREAM_RESAMPLE_DOCUMENTED_OPERATION_CODE_ABSENT,neutral-beam actuation output (injected power / torque); actuator-side quantity rather than a plasma diagnostic
41,tinj,tinj,tinj_data / tinj_times,tinj,,neutral_beams,Injected neutral beam torque,N m,documented,LOCAL_DOCUMENTED (units registry),L^2 M T^-2,documented,False,signed_or_unknown,CONTROL_COMMAND_OR_ACTUATION,LOCAL_DOCUMENTED,CONTROL_COMMAND_OR_ACTUATION,D:\SIR_paper\DIIID_example\data\resampled_data_v6,62,0.09999999999990905,1.0,ANALYSIS_SIDE_CODE_VERIFIED; UPSTREAM_RESAMPLE_DOCUMENTED_OPERATION_CODE_ABSENT,neutral-beam actuation output (injected power / torque); actuator-side quantity rather than a plasma diagnostic
42,ece1,ece1,ece1_data / ece1_times,ece1,,ece_te_profile,ECE radiometer channel 1,keV,domain_authorized,DOMAIN_AUTHORIZED,L^2 M T^-2,domain_authorized,False,signed_or_unknown,DIAGNOSTIC_RECONSTRUCTION,LOCAL_DOCUMENTED,DIAGNOSTIC_RECONSTRUCTION,D:\SIR_paper\DIIID_example\data\resampled_data_v6,62,0.19999999999998863,1.0,ANALYSIS_SIDE_CODE_VERIFIED; UPSTREAM_RESAMPLE_DOCUMENTED_OPERATION_CODE_ABSENT,ECE radiometer electron temperature; requires calibration and an optically-thick emission assumption
43,ece2,ece2,ece2_data / ece2_times,ece2,,ece_te_profile,ECE radiometer channel 2,keV,domain_authorized,DOMAIN_AUTHORIZED,L^2 M T^-2,domain_authorized,False,signed_or_unknown,DIAGNOSTIC_RECONSTRUCTION,LOCAL_DOCUMENTED,DIAGNOSTIC_RECONSTRUCTION,D:\SIR_paper\DIIID_example\data\resampled_data_v6,62,0.19999999999998863,1.0,ANALYSIS_SIDE_CODE_VERIFIED; UPSTREAM_RESAMPLE_DOCUMENTED_OPERATION_CODE_ABSENT,ECE radiometer electron temperature; requires calibration and an optically-thick emission assumption
44,ece3,ece3,ece3_data / ece3_times,ece3,,ece_te_profile,ECE radiometer channel 3,keV,domain_authorized,DOMAIN_AUTHORIZED,L^2 M T^-2,domain_authorized,False,signed_or_unknown,DIAGNOSTIC_RECONSTRUCTION,LOCAL_DOCUMENTED,DIAGNOSTIC_RECONSTRUCTION,D:\SIR_paper\DIIID_example\data\resampled_data_v6,62,0.19999999999998863,1.0,ANALYSIS_SIDE_CODE_VERIFIED; UPSTREAM_RESAMPLE_DOCUMENTED_OPERATION_CODE_ABSENT,ECE radiometer electron temperature; requires calibration and an optically-thick emission assumption
45,ece4,ece4,ece4_data / ece4_times,ece4,,ece_te_profile,ECE radiometer channel 4,keV,domain_authorized,DOMAIN_AUTHORIZED,L^2 M T^-2,domain_authorized,False,signed_or_unknown,DIAGNOSTIC_RECONSTRUCTION,LOCAL_DOCUMENTED,DIAGNOSTIC_RECONSTRUCTION,D:\SIR_paper\DIIID_example\data\resampled_data_v6,62,0.19999999999998863,1.0,ANALYSIS_SIDE_CODE_VERIFIED; UPSTREAM_RESAMPLE_DOCUMENTED_OPERATION_CODE_ABSENT,ECE radiometer electron temperature; requires calibration and an optically-thick emission assumption
46,ece5,ece5,ece5_data / ece5_times,ece5,,ece_te_profile,ECE radiometer channel 5,keV,domain_authorized,DOMAIN_AUTHORIZED,L^2 M T^-2,domain_authorized,False,signed_or_unknown,DIAGNOSTIC_RECONSTRUCTION,LOCAL_DOCUMENTED,DIAGNOSTIC_RECONSTRUCTION,D:\SIR_paper\DIIID_example\data\resampled_data_v6,62,0.19999999999998863,1.0,ANALYSIS_SIDE_CODE_VERIFIED; UPSTREAM_RESAMPLE_DOCUMENTED_OPERATION_CODE_ABSENT,ECE radiometer electron temperature; requires calibration and an optically-thick emission assumption
47,ece6,ece6,ece6_data / ece6_times,ece6,,ece_te_profile,ECE radiometer channel 6,keV,domain_authorized,DOMAIN_AUTHORIZED,L^2 M T^-2,domain_authorized,False,signed_or_unknown,DIAGNOSTIC_RECONSTRUCTION,LOCAL_DOCUMENTED,DIAGNOSTIC_RECONSTRUCTION,D:\SIR_paper\DIIID_example\data\resampled_data_v6,62,0.19999999999998863,1.0,ANALYSIS_SIDE_CODE_VERIFIED; UPSTREAM_RESAMPLE_DOCUMENTED_OPERATION_CODE_ABSENT,ECE radiometer electron temperature; requires calibration and an optically-thick emission assumption
48,ece7,ece7,ece7_data / ece7_times,ece7,,ece_te_profile,ECE radiometer channel 7,keV,domain_authorized,DOMAIN_AUTHORIZED,L^2 M T^-2,domain_authorized,False,signed_or_unknown,DIAGNOSTIC_RECONSTRUCTION,LOCAL_DOCUMENTED,DIAGNOSTIC_RECONSTRUCTION,D:\SIR_paper\DIIID_example\data\resampled_data_v6,62,0.19999999999998863,1.0,ANALYSIS_SIDE_CODE_VERIFIED; UPSTREAM_RESAMPLE_DOCUMENTED_OPERATION_CODE_ABSENT,ECE radiometer electron temperature; requires calibration and an optically-thick emission assumption
49,ece8,ece8,ece8_data / ece8_times,ece8,,ece_te_profile,ECE radiometer channel 8,keV,domain_authorized,DOMAIN_AUTHORIZED,L^2 M T^-2,domain_authorized,False,signed_or_unknown,DIAGNOSTIC_RECONSTRUCTION,LOCAL_DOCUMENTED,DIAGNOSTIC_RECONSTRUCTION,D:\SIR_paper\DIIID_example\data\resampled_data_v6,62,0.19999999999998863,1.0,ANALYSIS_SIDE_CODE_VERIFIED; UPSTREAM_RESAMPLE_DOCUMENTED_OPERATION_CODE_ABSENT,ECE radiometer electron temperature; requires calibration and an optically-thick emission assumption
50,ece9,ece9,ece9_data / ece9_times,ece9,,ece_te_profile,ECE radiometer channel 9,keV,domain_authorized,DOMAIN_AUTHORIZED,L^2 M T^-2,domain_authorized,False,signed_or_unknown,DIAGNOSTIC_RECONSTRUCTION,LOCAL_DOCUMENTED,DIAGNOSTIC_RECONSTRUCTION,D:\SIR_paper\DIIID_example\data\resampled_data_v6,62,0.19999999999998863,1.0,ANALYSIS_SIDE_CODE_VERIFIED; UPSTREAM_RESAMPLE_DOCUMENTED_OPERATION_CODE_ABSENT,ECE radiometer electron temperature; requires calibration and an optically-thick emission assumption
51,ece10,ece10,ece10_data / ece10_times,ece10,,ece_te_profile,ECE radiometer channel 10,keV,domain_authorized,DOMAIN_AUTHORIZED,L^2 M T^-2,domain_authorized,False,signed_or_unknown,DIAGNOSTIC_RECONSTRUCTION,LOCAL_DOCUMENTED,DIAGNOSTIC_RECONSTRUCTION,D:\SIR_paper\DIIID_example\data\resampled_data_v6,62,0.19999999999998863,1.0,ANALYSIS_SIDE_CODE_VERIFIED; UPSTREAM_RESAMPLE_DOCUMENTED_OPERATION_CODE_ABSENT,ECE radiometer electron temperature; requires calibration and an optically-thick emission assumption
52,ece11,ece11,ece11_data / ece11_times,ece11,,ece_te_profile,ECE radiometer channel 11,keV,domain_authorized,DOMAIN_AUTHORIZED,L^2 M T^-2,domain_authorized,False,signed_or_unknown,DIAGNOSTIC_RECONSTRUCTION,LOCAL_DOCUMENTED,DIAGNOSTIC_RECONSTRUCTION,D:\SIR_paper\DIIID_example\data\resampled_data_v6,62,0.19999999999998863,1.0,ANALYSIS_SIDE_CODE_VERIFIED; UPSTREAM_RESAMPLE_DOCUMENTED_OPERATION_CODE_ABSENT,ECE radiometer electron temperature; requires calibration and an optically-thick emission assumption
53,ece12,ece12,ece12_data / ece12_times,ece12,,ece_te_profile,ECE radiometer channel 12,keV,domain_authorized,DOMAIN_AUTHORIZED,L^2 M T^-2,domain_authorized,False,signed_or_unknown,DIAGNOSTIC_RECONSTRUCTION,LOCAL_DOCUMENTED,DIAGNOSTIC_RECONSTRUCTION,D:\SIR_paper\DIIID_example\data\resampled_data_v6,62,0.19999999999998863,1.0,ANALYSIS_SIDE_CODE_VERIFIED; UPSTREAM_RESAMPLE_DOCUMENTED_OPERATION_CODE_ABSENT,ECE radiometer electron temperature; requires calibration and an optically-thick emission assumption
54,ece13,ece13,ece13_data / ece13_times,ece13,,ece_te_profile,ECE radiometer channel 13,keV,domain_authorized,DOMAIN_AUTHORIZED,L^2 M T^-2,domain_authorized,False,signed_or_unknown,DIAGNOSTIC_RECONSTRUCTION,LOCAL_DOCUMENTED,DIAGNOSTIC_RECONSTRUCTION,D:\SIR_paper\DIIID_example\data\resampled_data_v6,62,0.19999999999998863,1.0,ANALYSIS_SIDE_CODE_VERIFIED; UPSTREAM_RESAMPLE_DOCUMENTED_OPERATION_CODE_ABSENT,ECE radiometer electron temperature; requires calibration and an optically-thick emission assumption
55,ece14,ece14,ece14_data / ece14_times,ece14,,ece_te_profile,ECE radiometer channel 14,keV,domain_authorized,DOMAIN_AUTHORIZED,L^2 M T^-2,domain_authorized,False,signed_or_unknown,DIAGNOSTIC_RECONSTRUCTION,LOCAL_DOCUMENTED,DIAGNOSTIC_RECONSTRUCTION,D:\SIR_paper\DIIID_example\data\resampled_data_v6,62,0.19999999999998863,1.0,ANALYSIS_SIDE_CODE_VERIFIED; UPSTREAM_RESAMPLE_DOCUMENTED_OPERATION_CODE_ABSENT,ECE radiometer electron temperature; requires calibration and an optically-thick emission assumption
56,ece15,ece15,ece15_data / ece15_times,ece15,,ece_te_profile,ECE radiometer channel 15,keV,domain_authorized,DOMAIN_AUTHORIZED,L^2 M T^-2,domain_authorized,False,signed_or_unknown,DIAGNOSTIC_RECONSTRUCTION,LOCAL_DOCUMENTED,DIAGNOSTIC_RECONSTRUCTION,D:\SIR_paper\DIIID_example\data\resampled_data_v6,62,0.19999999999998863,1.0,ANALYSIS_SIDE_CODE_VERIFIED; UPSTREAM_RESAMPLE_DOCUMENTED_OPERATION_CODE_ABSENT,ECE radiometer electron temperature; requires calibration and an optically-thick emission assumption
57,ece16,ece16,ece16_data / ece16_times,ece16,,ece_te_profile,ECE radiometer channel 16,keV,domain_authorized,DOMAIN_AUTHORIZED,L^2 M T^-2,domain_authorized,False,signed_or_unknown,DIAGNOSTIC_RECONSTRUCTION,LOCAL_DOCUMENTED,DIAGNOSTIC_RECONSTRUCTION,D:\SIR_paper\DIIID_example\data\resampled_data_v6,62,0.19999999999998863,1.0,ANALYSIS_SIDE_CODE_VERIFIED; UPSTREAM_RESAMPLE_DOCUMENTED_OPERATION_CODE_ABSENT,ECE radiometer electron temperature; requires calibration and an optically-thick emission assumption
58,ece17,ece17,ece17_data / ece17_times,ece17,,ece_te_profile,ECE radiometer channel 17,keV,domain_authorized,DOMAIN_AUTHORIZED,L^2 M T^-2,domain_authorized,False,signed_or_unknown,DIAGNOSTIC_RECONSTRUCTION,LOCAL_DOCUMENTED,DIAGNOSTIC_RECONSTRUCTION,D:\SIR_paper\DIIID_example\data\resampled_data_v6,62,0.19999999999998863,1.0,ANALYSIS_SIDE_CODE_VERIFIED; UPSTREAM_RESAMPLE_DOCUMENTED_OPERATION_CODE_ABSENT,ECE radiometer electron temperature; requires calibration and an optically-thick emission assumption
59,ece18,ece18,ece18_data / ece18_times,ece18,,ece_te_profile,ECE radiometer channel 18,keV,domain_authorized,DOMAIN_AUTHORIZED,L^2 M T^-2,domain_authorized,False,signed_or_unknown,DIAGNOSTIC_RECONSTRUCTION,LOCAL_DOCUMENTED,DIAGNOSTIC_RECONSTRUCTION,D:\SIR_paper\DIIID_example\data\resampled_data_v6,62,0.19999999999998863,1.0,ANALYSIS_SIDE_CODE_VERIFIED; UPSTREAM_RESAMPLE_DOCUMENTED_OPERATION_CODE_ABSENT,ECE radiometer electron temperature; requires calibration and an optically-thick emission assumption
60,ece19,ece19,ece19_data / ece19_times,ece19,,ece_te_profile,ECE radiometer channel 19,keV,domain_authorized,DOMAIN_AUTHORIZED,L^2 M T^-2,domain_authorized,False,signed_or_unknown,DIAGNOSTIC_RECONSTRUCTION,LOCAL_DOCUMENTED,DIAGNOSTIC_RECONSTRUCTION,D:\SIR_paper\DIIID_example\data\resampled_data_v6,62,0.19999999999998863,1.0,ANALYSIS_SIDE_CODE_VERIFIED; UPSTREAM_RESAMPLE_DOCUMENTED_OPERATION_CODE_ABSENT,ECE radiometer electron temperature; requires calibration and an optically-thick emission assumption
61,ece20,ece20,ece20_data / ece20_times,ece20,,ece_te_profile,ECE radiometer channel 20,keV,domain_authorized,DOMAIN_AUTHORIZED,L^2 M T^-2,domain_authorized,False,signed_or_unknown,DIAGNOSTIC_RECONSTRUCTION,LOCAL_DOCUMENTED,DIAGNOSTIC_RECONSTRUCTION,D:\SIR_paper\DIIID_example\data\resampled_data_v6,62,0.19999999999998863,1.0,ANALYSIS_SIDE_CODE_VERIFIED; UPSTREAM_RESAMPLE_DOCUMENTED_OPERATION_CODE_ABSENT,ECE radiometer electron temperature; requires calibration and an optically-thick emission assumption
62,ece21,ece21,ece21_data / ece21_times,ece21,,ece_te_profile,ECE radiometer channel 21,keV,domain_authorized,DOMAIN_AUTHORIZED,L^2 M T^-2,domain_authorized,False,signed_or_unknown,DIAGNOSTIC_RECONSTRUCTION,LOCAL_DOCUMENTED,DIAGNOSTIC_RECONSTRUCTION,D:\SIR_paper\DIIID_example\data\resampled_data_v6,62,0.19999999999998863,1.0,ANALYSIS_SIDE_CODE_VERIFIED; UPSTREAM_RESAMPLE_DOCUMENTED_OPERATION_CODE_ABSENT,ECE radiometer electron temperature; requires calibration and an optically-thick emission assumption
63,ece22,ece22,ece22_data / ece22_times,ece22,,ece_te_profile,ECE radiometer channel 22,keV,domain_authorized,DOMAIN_AUTHORIZED,L^2 M T^-2,domain_authorized,False,signed_or_unknown,DIAGNOSTIC_RECONSTRUCTION,LOCAL_DOCUMENTED,DIAGNOSTIC_RECONSTRUCTION,D:\SIR_paper\DIIID_example\data\resampled_data_v6,62,0.19999999999998863,1.0,ANALYSIS_SIDE_CODE_VERIFIED; UPSTREAM_RESAMPLE_DOCUMENTED_OPERATION_CODE_ABSENT,ECE radiometer electron temperature; requires calibration and an optically-thick emission assumption
64,ece23,ece23,ece23_data / ece23_times,ece23,,ece_te_profile,ECE radiometer channel 23,keV,domain_authorized,DOMAIN_AUTHORIZED,L^2 M T^-2,domain_authorized,False,signed_or_unknown,DIAGNOSTIC_RECONSTRUCTION,LOCAL_DOCUMENTED,DIAGNOSTIC_RECONSTRUCTION,D:\SIR_paper\DIIID_example\data\resampled_data_v6,62,0.19999999999998863,1.0,ANALYSIS_SIDE_CODE_VERIFIED; UPSTREAM_RESAMPLE_DOCUMENTED_OPERATION_CODE_ABSENT,ECE radiometer electron temperature; requires calibration and an optically-thick emission assumption
65,ece24,ece24,ece24_data / ece24_times,ece24,,ece_te_profile,ECE radiometer channel 24,keV,domain_authorized,DOMAIN_AUTHORIZED,L^2 M T^-2,domain_authorized,False,signed_or_unknown,DIAGNOSTIC_RECONSTRUCTION,LOCAL_DOCUMENTED,DIAGNOSTIC_RECONSTRUCTION,D:\SIR_paper\DIIID_example\data\resampled_data_v6,62,0.19999999999998863,1.0,ANALYSIS_SIDE_CODE_VERIFIED; UPSTREAM_RESAMPLE_DOCUMENTED_OPERATION_CODE_ABSENT,ECE radiometer electron temperature; requires calibration and an optically-thick emission assumption
66,ece25,ece25,ece25_data / ece25_times,ece25,,ece_te_profile,ECE radiometer channel 25,keV,domain_authorized,DOMAIN_AUTHORIZED,L^2 M T^-2,domain_authorized,False,signed_or_unknown,DIAGNOSTIC_RECONSTRUCTION,LOCAL_DOCUMENTED,DIAGNOSTIC_RECONSTRUCTION,D:\SIR_paper\DIIID_example\data\resampled_data_v6,62,0.19999999999998863,1.0,ANALYSIS_SIDE_CODE_VERIFIED; UPSTREAM_RESAMPLE_DOCUMENTED_OPERATION_CODE_ABSENT,ECE radiometer electron temperature; requires calibration and an optically-thick emission assumption
67,ece26,ece26,ece26_data / ece26_times,ece26,,ece_te_profile,ECE radiometer channel 26,keV,domain_authorized,DOMAIN_AUTHORIZED,L^2 M T^-2,domain_authorized,False,signed_or_unknown,DIAGNOSTIC_RECONSTRUCTION,LOCAL_DOCUMENTED,DIAGNOSTIC_RECONSTRUCTION,D:\SIR_paper\DIIID_example\data\resampled_data_v6,62,0.19999999999998863,1.0,ANALYSIS_SIDE_CODE_VERIFIED; UPSTREAM_RESAMPLE_DOCUMENTED_OPERATION_CODE_ABSENT,ECE radiometer electron temperature; requires calibration and an optically-thick emission assumption
68,ece27,ece27,ece27_data / ece27_times,ece27,,ece_te_profile,ECE radiometer channel 27,keV,domain_authorized,DOMAIN_AUTHORIZED,L^2 M T^-2,domain_authorized,False,signed_or_unknown,DIAGNOSTIC_RECONSTRUCTION,LOCAL_DOCUMENTED,DIAGNOSTIC_RECONSTRUCTION,D:\SIR_paper\DIIID_example\data\resampled_data_v6,62,0.19999999999998863,1.0,ANALYSIS_SIDE_CODE_VERIFIED; UPSTREAM_RESAMPLE_DOCUMENTED_OPERATION_CODE_ABSENT,ECE radiometer electron temperature; requires calibration and an optically-thick emission assumption
69,ece28,ece28,ece28_data / ece28_times,ece28,,ece_te_profile,ECE radiometer channel 28,keV,domain_authorized,DOMAIN_AUTHORIZED,L^2 M T^-2,domain_authorized,False,signed_or_unknown,DIAGNOSTIC_RECONSTRUCTION,LOCAL_DOCUMENTED,DIAGNOSTIC_RECONSTRUCTION,D:\SIR_paper\DIIID_example\data\resampled_data_v6,62,0.19999999999998863,1.0,ANALYSIS_SIDE_CODE_VERIFIED; UPSTREAM_RESAMPLE_DOCUMENTED_OPERATION_CODE_ABSENT,ECE radiometer electron temperature; requires calibration and an optically-thick emission assumption
70,ece29,ece29,ece29_data / ece29_times,ece29,,ece_te_profile,ECE radiometer channel 29,keV,domain_authorized,DOMAIN_AUTHORIZED,L^2 M T^-2,domain_authorized,False,signed_or_unknown,DIAGNOSTIC_RECONSTRUCTION,LOCAL_DOCUMENTED,DIAGNOSTIC_RECONSTRUCTION,D:\SIR_paper\DIIID_example\data\resampled_data_v6,62,0.19999999999998863,1.0,ANALYSIS_SIDE_CODE_VERIFIED; UPSTREAM_RESAMPLE_DOCUMENTED_OPERATION_CODE_ABSENT,ECE radiometer electron temperature; requires calibration and an optically-thick emission assumption
71,ece30,ece30,ece30_data / ece30_times,ece30,,ece_te_profile,ECE radiometer channel 30,keV,domain_authorized,DOMAIN_AUTHORIZED,L^2 M T^-2,domain_authorized,False,signed_or_unknown,DIAGNOSTIC_RECONSTRUCTION,LOCAL_DOCUMENTED,DIAGNOSTIC_RECONSTRUCTION,D:\SIR_paper\DIIID_example\data\resampled_data_v6,62,0.19999999999998863,1.0,ANALYSIS_SIDE_CODE_VERIFIED; UPSTREAM_RESAMPLE_DOCUMENTED_OPERATION_CODE_ABSENT,ECE radiometer electron temperature; requires calibration and an optically-thick emission assumption
72,ece31,ece31,ece31_data / ece31_times,ece31,,ece_te_profile,ECE radiometer channel 31,keV,domain_authorized,DOMAIN_AUTHORIZED,L^2 M T^-2,domain_authorized,False,signed_or_unknown,DIAGNOSTIC_RECONSTRUCTION,LOCAL_DOCUMENTED,DIAGNOSTIC_RECONSTRUCTION,D:\SIR_paper\DIIID_example\data\resampled_data_v6,62,0.19999999999998863,1.0,ANALYSIS_SIDE_CODE_VERIFIED; UPSTREAM_RESAMPLE_DOCUMENTED_OPERATION_CODE_ABSENT,ECE radiometer electron temperature; requires calibration and an optically-thick emission assumption
73,ece32,ece32,ece32_data / ece32_times,ece32,,ece_te_profile,ECE radiometer channel 32,keV,domain_authorized,DOMAIN_AUTHORIZED,L^2 M T^-2,domain_authorized,False,signed_or_unknown,DIAGNOSTIC_RECONSTRUCTION,LOCAL_DOCUMENTED,DIAGNOSTIC_RECONSTRUCTION,D:\SIR_paper\DIIID_example\data\resampled_data_v6,62,0.19999999999998863,1.0,ANALYSIS_SIDE_CODE_VERIFIED; UPSTREAM_RESAMPLE_DOCUMENTED_OPERATION_CODE_ABSENT,ECE radiometer electron temperature; requires calibration and an optically-thick emission assumption
74,ece33,ece33,ece33_data / ece33_times,ece33,,ece_te_profile,ECE radiometer channel 33,keV,domain_authorized,DOMAIN_AUTHORIZED,L^2 M T^-2,domain_authorized,False,signed_or_unknown,DIAGNOSTIC_RECONSTRUCTION,LOCAL_DOCUMENTED,DIAGNOSTIC_RECONSTRUCTION,D:\SIR_paper\DIIID_example\data\resampled_data_v6,62,0.19999999999998863,1.0,ANALYSIS_SIDE_CODE_VERIFIED; UPSTREAM_RESAMPLE_DOCUMENTED_OPERATION_CODE_ABSENT,ECE radiometer electron temperature; requires calibration and an optically-thick emission assumption
75,ece34,ece34,ece34_data / ece34_times,ece34,,ece_te_profile,ECE radiometer channel 34,keV,domain_authorized,DOMAIN_AUTHORIZED,L^2 M T^-2,domain_authorized,False,signed_or_unknown,DIAGNOSTIC_RECONSTRUCTION,LOCAL_DOCUMENTED,DIAGNOSTIC_RECONSTRUCTION,D:\SIR_paper\DIIID_example\data\resampled_data_v6,62,0.19999999999998863,1.0,ANALYSIS_SIDE_CODE_VERIFIED; UPSTREAM_RESAMPLE_DOCUMENTED_OPERATION_CODE_ABSENT,ECE radiometer electron temperature; requires calibration and an optically-thick emission assumption
76,ece35,ece35,ece35_data / ece35_times,ece35,,ece_te_profile,ECE radiometer channel 35,keV,domain_authorized,DOMAIN_AUTHORIZED,L^2 M T^-2,domain_authorized,False,signed_or_unknown,DIAGNOSTIC_RECONSTRUCTION,LOCAL_DOCUMENTED,DIAGNOSTIC_RECONSTRUCTION,D:\SIR_paper\DIIID_example\data\resampled_data_v6,62,0.19999999999998863,1.0,ANALYSIS_SIDE_CODE_VERIFIED; UPSTREAM_RESAMPLE_DOCUMENTED_OPERATION_CODE_ABSENT,ECE radiometer electron temperature; requires calibration and an optically-thick emission assumption
77,ece36,ece36,ece36_data / ece36_times,ece36,,ece_te_profile,ECE radiometer channel 36,keV,domain_authorized,DOMAIN_AUTHORIZED,L^2 M T^-2,domain_authorized,False,signed_or_unknown,DIAGNOSTIC_RECONSTRUCTION,LOCAL_DOCUMENTED,DIAGNOSTIC_RECONSTRUCTION,D:\SIR_paper\DIIID_example\data\resampled_data_v6,62,0.19999999999998863,1.0,ANALYSIS_SIDE_CODE_VERIFIED; UPSTREAM_RESAMPLE_DOCUMENTED_OPERATION_CODE_ABSENT,ECE radiometer electron temperature; requires calibration and an optically-thick emission assumption
78,ece37,ece37,ece37_data / ece37_times,ece37,,ece_te_profile,ECE radiometer channel 37,keV,domain_authorized,DOMAIN_AUTHORIZED,L^2 M T^-2,domain_authorized,False,signed_or_unknown,DIAGNOSTIC_RECONSTRUCTION,LOCAL_DOCUMENTED,DIAGNOSTIC_RECONSTRUCTION,D:\SIR_paper\DIIID_example\data\resampled_data_v6,62,0.19999999999998863,1.0,ANALYSIS_SIDE_CODE_VERIFIED; UPSTREAM_RESAMPLE_DOCUMENTED_OPERATION_CODE_ABSENT,ECE radiometer electron temperature; requires calibration and an optically-thick emission assumption
79,ece38,ece38,ece38_data / ece38_times,ece38,,ece_te_profile,ECE radiometer channel 38,keV,domain_authorized,DOMAIN_AUTHORIZED,L^2 M T^-2,domain_authorized,False,signed_or_unknown,DIAGNOSTIC_RECONSTRUCTION,LOCAL_DOCUMENTED,DIAGNOSTIC_RECONSTRUCTION,D:\SIR_paper\DIIID_example\data\resampled_data_v6,62,0.19999999999998863,1.0,ANALYSIS_SIDE_CODE_VERIFIED; UPSTREAM_RESAMPLE_DOCUMENTED_OPERATION_CODE_ABSENT,ECE radiometer electron temperature; requires calibration and an optically-thick emission assumption
80,ece39,ece39,ece39_data / ece39_times,ece39,,ece_te_profile,ECE radiometer channel 39,keV,domain_authorized,DOMAIN_AUTHORIZED,L^2 M T^-2,domain_authorized,False,signed_or_unknown,DIAGNOSTIC_RECONSTRUCTION,LOCAL_DOCUMENTED,DIAGNOSTIC_RECONSTRUCTION,D:\SIR_paper\DIIID_example\data\resampled_data_v6,62,0.19999999999998863,1.0,ANALYSIS_SIDE_CODE_VERIFIED; UPSTREAM_RESAMPLE_DOCUMENTED_OPERATION_CODE_ABSENT,ECE radiometer electron temperature; requires calibration and an optically-thick emission assumption
81,ece40,ece40,ece40_data / ece40_times,ece40,,ece_te_profile,ECE radiometer channel 40,keV,domain_authorized,DOMAIN_AUTHORIZED,L^2 M T^-2,domain_authorized,False,signed_or_unknown,DIAGNOSTIC_RECONSTRUCTION,LOCAL_DOCUMENTED,DIAGNOSTIC_RECONSTRUCTION,D:\SIR_paper\DIIID_example\data\resampled_data_v6,62,0.19999999999998863,1.0,ANALYSIS_SIDE_CODE_VERIFIED; UPSTREAM_RESAMPLE_DOCUMENTED_OPERATION_CODE_ABSENT,ECE radiometer electron temperature; requires calibration and an optically-thick emission assumption
82,cerqrott3,cerqrott3,cerqrott3_data / cerqrott3_times,cerqrott3,,cer_rotation_ti,"CER toroidal rotation velocity, channel 3",km/s,documented,LOCAL_DOCUMENTED (units registry),L T^-1,documented,False,signed_or_unknown,DIAGNOSTIC_RECONSTRUCTION,LOCAL_DOCUMENTED,DIAGNOSTIC_RECONSTRUCTION,D:\SIR_paper\DIIID_example\data\resampled_data_v6,62,10.0,1.0,ANALYSIS_SIDE_CODE_VERIFIED; UPSTREAM_RESAMPLE_DOCUMENTED_OPERATION_CODE_ABSENT,CER spectral fit product (rotation velocity / ion temperature)
83,cerqrott6,cerqrott6,cerqrott6_data / cerqrott6_times,cerqrott6,,cer_rotation_ti,"CER toroidal rotation velocity, channel 6",km/s,documented,LOCAL_DOCUMENTED (units registry),L T^-1,documented,False,signed_or_unknown,DIAGNOSTIC_RECONSTRUCTION,LOCAL_DOCUMENTED,DIAGNOSTIC_RECONSTRUCTION,D:\SIR_paper\DIIID_example\data\resampled_data_v6,62,10.0,1.0,ANALYSIS_SIDE_CODE_VERIFIED; UPSTREAM_RESAMPLE_DOCUMENTED_OPERATION_CODE_ABSENT,CER spectral fit product (rotation velocity / ion temperature)
84,cerqrott8,cerqrott8,cerqrott8_data / cerqrott8_times,cerqrott8,,cer_rotation_ti,"CER toroidal rotation velocity, channel 8",km/s,documented,LOCAL_DOCUMENTED (units registry),L T^-1,documented,False,signed_or_unknown,DIAGNOSTIC_RECONSTRUCTION,LOCAL_DOCUMENTED,DIAGNOSTIC_RECONSTRUCTION,D:\SIR_paper\DIIID_example\data\resampled_data_v6,62,10.0,1.0,ANALYSIS_SIDE_CODE_VERIFIED; UPSTREAM_RESAMPLE_DOCUMENTED_OPERATION_CODE_ABSENT,CER spectral fit product (rotation velocity / ion temperature)
85,cerqrott10,cerqrott10,cerqrott10_data / cerqrott10_times,cerqrott10,,cer_rotation_ti,"CER toroidal rotation velocity, channel 10",km/s,documented,LOCAL_DOCUMENTED (units registry),L T^-1,documented,False,signed_or_unknown,DIAGNOSTIC_RECONSTRUCTION,LOCAL_DOCUMENTED,DIAGNOSTIC_RECONSTRUCTION,D:\SIR_paper\DIIID_example\data\resampled_data_v6,62,10.0,1.0,ANALYSIS_SIDE_CODE_VERIFIED; UPSTREAM_RESAMPLE_DOCUMENTED_OPERATION_CODE_ABSENT,CER spectral fit product (rotation velocity / ion temperature)
86,cerqrott11,cerqrott11,cerqrott11_data / cerqrott11_times,cerqrott11,,cer_rotation_ti,"CER toroidal rotation velocity, channel 11",km/s,documented,LOCAL_DOCUMENTED (units registry),L T^-1,documented,False,signed_or_unknown,DIAGNOSTIC_RECONSTRUCTION,LOCAL_DOCUMENTED,DIAGNOSTIC_RECONSTRUCTION,D:\SIR_paper\DIIID_example\data\resampled_data_v6,62,10.0,1.0,ANALYSIS_SIDE_CODE_VERIFIED; UPSTREAM_RESAMPLE_DOCUMENTED_OPERATION_CODE_ABSENT,CER spectral fit product (rotation velocity / ion temperature)
87,cerqrott12,cerqrott12,cerqrott12_data / cerqrott12_times,cerqrott12,,cer_rotation_ti,"CER toroidal rotation velocity, channel 12",km/s,documented,LOCAL_DOCUMENTED (units registry),L T^-1,documented,False,signed_or_unknown,DIAGNOSTIC_RECONSTRUCTION,LOCAL_DOCUMENTED,DIAGNOSTIC_RECONSTRUCTION,D:\SIR_paper\DIIID_example\data\resampled_data_v6,62,10.0,1.0,ANALYSIS_SIDE_CODE_VERIFIED; UPSTREAM_RESAMPLE_DOCUMENTED_OPERATION_CODE_ABSENT,CER spectral fit product (rotation velocity / ion temperature)
88,cerqrott13,cerqrott13,cerqrott13_data / cerqrott13_times,cerqrott13,,cer_rotation_ti,"CER toroidal rotation velocity, channel 13",km/s,documented,LOCAL_DOCUMENTED (units registry),L T^-1,documented,False,signed_or_unknown,DIAGNOSTIC_RECONSTRUCTION,LOCAL_DOCUMENTED,DIAGNOSTIC_RECONSTRUCTION,D:\SIR_paper\DIIID_example\data\resampled_data_v6,62,10.0,1.0,ANALYSIS_SIDE_CODE_VERIFIED; UPSTREAM_RESAMPLE_DOCUMENTED_OPERATION_CODE_ABSENT,CER spectral fit product (rotation velocity / ion temperature)
89,cerqtit3,cerqtit3,cerqtit3_data / cerqtit3_times,cerqtit3,,cer_rotation_ti,"CER ion temperature, channel 3",eV,documented,LOCAL_DOCUMENTED (units registry),L^2 M T^-2,documented,False,signed_or_unknown,DIAGNOSTIC_RECONSTRUCTION,LOCAL_DOCUMENTED,DIAGNOSTIC_RECONSTRUCTION,D:\SIR_paper\DIIID_example\data\resampled_data_v6,62,10.0,1.0,ANALYSIS_SIDE_CODE_VERIFIED; UPSTREAM_RESAMPLE_DOCUMENTED_OPERATION_CODE_ABSENT,CER spectral fit product (rotation velocity / ion temperature)
90,cerqtit6,cerqtit6,cerqtit6_data / cerqtit6_times,cerqtit6,,cer_rotation_ti,"CER ion temperature, channel 6",eV,documented,LOCAL_DOCUMENTED (units registry),L^2 M T^-2,documented,False,signed_or_unknown,DIAGNOSTIC_RECONSTRUCTION,LOCAL_DOCUMENTED,DIAGNOSTIC_RECONSTRUCTION,D:\SIR_paper\DIIID_example\data\resampled_data_v6,62,10.0,1.0,ANALYSIS_SIDE_CODE_VERIFIED; UPSTREAM_RESAMPLE_DOCUMENTED_OPERATION_CODE_ABSENT,CER spectral fit product (rotation velocity / ion temperature)
91,cerqtit8,cerqtit8,cerqtit8_data / cerqtit8_times,cerqtit8,,cer_rotation_ti,"CER ion temperature, channel 8",eV,documented,LOCAL_DOCUMENTED (units registry),L^2 M T^-2,documented,False,signed_or_unknown,DIAGNOSTIC_RECONSTRUCTION,LOCAL_DOCUMENTED,DIAGNOSTIC_RECONSTRUCTION,D:\SIR_paper\DIIID_example\data\resampled_data_v6,62,10.0,1.0,ANALYSIS_SIDE_CODE_VERIFIED; UPSTREAM_RESAMPLE_DOCUMENTED_OPERATION_CODE_ABSENT,CER spectral fit product (rotation velocity / ion temperature)
92,cerqtit10,cerqtit10,cerqtit10_data / cerqtit10_times,cerqtit10,,cer_rotation_ti,"CER ion temperature, channel 10",eV,documented,LOCAL_DOCUMENTED (units registry),L^2 M T^-2,documented,False,signed_or_unknown,DIAGNOSTIC_RECONSTRUCTION,LOCAL_DOCUMENTED,DIAGNOSTIC_RECONSTRUCTION,D:\SIR_paper\DIIID_example\data\resampled_data_v6,62,10.0,1.0,ANALYSIS_SIDE_CODE_VERIFIED; UPSTREAM_RESAMPLE_DOCUMENTED_OPERATION_CODE_ABSENT,CER spectral fit product (rotation velocity / ion temperature)
93,cerqtit11,cerqtit11,cerqtit11_data / cerqtit11_times,cerqtit11,,cer_rotation_ti,"CER ion temperature, channel 11",eV,documented,LOCAL_DOCUMENTED (units registry),L^2 M T^-2,documented,False,signed_or_unknown,DIAGNOSTIC_RECONSTRUCTION,LOCAL_DOCUMENTED,DIAGNOSTIC_RECONSTRUCTION,D:\SIR_paper\DIIID_example\data\resampled_data_v6,62,10.0,1.0,ANALYSIS_SIDE_CODE_VERIFIED; UPSTREAM_RESAMPLE_DOCUMENTED_OPERATION_CODE_ABSENT,CER spectral fit product (rotation velocity / ion temperature)
94,cerqtit12,cerqtit12,cerqtit12_data / cerqtit12_times,cerqtit12,,cer_rotation_ti,"CER ion temperature, channel 12",eV,documented,LOCAL_DOCUMENTED (units registry),L^2 M T^-2,documented,False,signed_or_unknown,DIAGNOSTIC_RECONSTRUCTION,LOCAL_DOCUMENTED,DIAGNOSTIC_RECONSTRUCTION,D:\SIR_paper\DIIID_example\data\resampled_data_v6,62,10.0,1.0,ANALYSIS_SIDE_CODE_VERIFIED; UPSTREAM_RESAMPLE_DOCUMENTED_OPERATION_CODE_ABSENT,CER spectral fit product (rotation velocity / ion temperature)
95,cerqtit13,cerqtit13,cerqtit13_data / cerqtit13_times,cerqtit13,,cer_rotation_ti,"CER ion temperature, channel 13",eV,documented,LOCAL_DOCUMENTED (units registry),L^2 M T^-2,documented,False,signed_or_unknown,DIAGNOSTIC_RECONSTRUCTION,LOCAL_DOCUMENTED,DIAGNOSTIC_RECONSTRUCTION,D:\SIR_paper\DIIID_example\data\resampled_data_v6,62,10.0,1.0,ANALYSIS_SIDE_CODE_VERIFIED; UPSTREAM_RESAMPLE_DOCUMENTED_OPERATION_CODE_ABSENT,CER spectral fit product (rotation velocity / ion temperature)
