regime,representation,learner,trajectory,rmse,nrmse,n
clean,C0_matched,STLSQ,conf_000,8.668608440940467,0.9985581921460782,2397
clean,C0_matched,STLSQ,conf_001,8.882524664609054,1.0003356332243978,2397
clean,C0_matched,STLSQ,conf_002,7.415776841117644,1.0085694388433448,2397
clean,C0_matched,STLSQ,conf_003,7.966711745436023,1.0021345114013098,2397
clean,C0_matched,STLSQ,conf_004,8.706593351353083,1.0008330352028818,2397
clean,C0_matched,STLSQ,conf_005,8.591855818365095,0.9993549548035174,2397
clean,C0_matched,STLSQ,conf_006,8.928580211813177,0.9988122859322499,2397
clean,C0_matched,STLSQ,conf_007,8.086574088294917,1.0006069008294896,2397
clean,C0_matched,STLSQ,conf_008,8.382987551509272,0.999928663203945,2397
clean,C0_matched,STLSQ,conf_009,8.641927929987329,0.9995623231308362,2397
clean,C0_matched,STLSQ,conf_010,8.365098152427912,1.002117643105347,2397
clean,C0_matched,STLSQ,conf_011,8.627270554473494,1.0012379002551517,2397
clean,C0_matched,STLSQ,conf_012,8.927664551611498,0.9995414700100259,2397
clean,C0_matched,STLSQ,conf_013,8.780105177708407,1.001460432244919,2397
clean,C0_matched,STLSQ,conf_014,8.28390230066614,1.001482455795545,2397
clean,C0_matched,STLSQ,conf_015,9.256735860457564,1.0021924970140135,2397
clean,C0_matched,STLSQ,conf_016,8.34747408191821,1.0022269277441713,2397
clean,C0_matched,STLSQ,conf_017,8.610002809803769,0.9994330290452521,2397
clean,C0_matched,STLSQ,conf_018,9.048739898082333,1.0009962721806298,2397
clean,C0_matched,STLSQ,conf_019,9.137435540442706,1.0028512880735443,2397
clean,C0_matched,STLSQ,conf_020,8.646748626211458,0.9989438769502005,2397
clean,C0_matched,STLSQ,conf_021,8.420360514403187,0.9992282469525343,2397
clean,C0_matched,STLSQ,conf_022,8.514604761477338,0.9993392131758191,2397
clean,C0_matched,STLSQ,conf_023,9.0922912901783,0.9993432946458035,2397
clean,C0_poly2,STLSQ,conf_000,2.6410129605837898,0.3042247374907151,2397
clean,C0_poly2,STLSQ,conf_001,2.0481726891884304,0.2306619121650818,2397
clean,C0_poly2,STLSQ,conf_002,1.644930523593333,0.22371582784397576,2397
clean,C0_poly2,STLSQ,conf_003,2.2132334190813823,0.2784031432188816,2397
clean,C0_poly2,STLSQ,conf_004,2.2500700372318985,0.25864816856662887,2397
clean,C0_poly2,STLSQ,conf_005,2.358293801004328,0.2743030894301663,2397
clean,C0_poly2,STLSQ,conf_006,2.3312668816176956,0.26079151980579646,2397
clean,C0_poly2,STLSQ,conf_007,2.6719045844342406,0.33061295628425674,2397
clean,C0_poly2,STLSQ,conf_008,2.094217307920892,0.249799716425785,2397
clean,C0_poly2,STLSQ,conf_009,2.236505038917758,0.2586837324385941,2397
clean,C0_poly2,STLSQ,conf_010,2.4438221963781634,0.2927637303206314,2397
clean,C0_poly2,STLSQ,conf_011,2.221514499168566,0.25781786933534423,2397
clean,C0_poly2,STLSQ,conf_012,2.133825873840145,0.2389031799249911,2397
clean,C0_poly2,STLSQ,conf_013,2.185418984886381,0.24926929654523694,2397
clean,C0_poly2,STLSQ,conf_014,2.5368906792168104,0.30669742535502575,2397
clean,C0_poly2,STLSQ,conf_015,2.610368073423949,0.2826148803495288,2397
clean,C0_poly2,STLSQ,conf_016,2.1972897431173375,0.26381429004715373,2397
clean,C0_poly2,STLSQ,conf_017,2.22965082846419,0.2588136996503499,2397
clean,C0_poly2,STLSQ,conf_018,2.13654622354155,0.23635056695130957,2397
clean,C0_poly2,STLSQ,conf_019,2.266708479335589,0.2487756557217569,2397
clean,C0_poly2,STLSQ,conf_020,2.3457947264042813,0.2710055975745815,2397
clean,C0_poly2,STLSQ,conf_021,2.0525032484890264,0.24356667619443792,2397
clean,C0_poly2,STLSQ,conf_022,1.985861678680239,0.2330759328286178,2397
clean,C0_poly2,STLSQ,conf_023,2.3183526086875608,0.25481257256014367,2397
clean,C0_poly3,STLSQ,conf_000,2.6222604759552963,0.3020645929558163,2397
clean,C0_poly3,STLSQ,conf_001,2.095646007624628,0.23600828088931963,2397
clean,C0_poly3,STLSQ,conf_002,1.6475096574480208,0.22406659832160147,2397
clean,C0_poly3,STLSQ,conf_003,2.266754299165407,0.2851355470922235,2397
clean,C0_poly3,STLSQ,conf_004,2.3197695190842693,0.2666602050956503,2397
clean,C0_poly3,STLSQ,conf_005,2.402188918253843,0.27940871548376217,2397
clean,C0_poly3,STLSQ,conf_006,2.3576192366133126,0.2637394751703062,2397
clean,C0_poly3,STLSQ,conf_007,2.712618037419244,0.3356507091779523,2397
clean,C0_poly3,STLSQ,conf_008,2.14326266046592,0.25564988064294253,2397
clean,C0_poly3,STLSQ,conf_009,2.2585605464806022,0.26123476671658746,2397
clean,C0_poly3,STLSQ,conf_010,2.543109538480957,0.304658103278989,2397
clean,C0_poly3,STLSQ,conf_011,2.3222732924975213,0.2695114312826527,2397
clean,C0_poly3,STLSQ,conf_012,2.1588016519377584,0.24169946845151583,2397
clean,C0_poly3,STLSQ,conf_013,2.2511633113017973,0.2567681066639123,2397
clean,C0_poly3,STLSQ,conf_014,2.646667393921677,0.3199688824342523,2397
clean,C0_poly3,STLSQ,conf_015,2.720806969979796,0.2945716905227107,2397
clean,C0_poly3,STLSQ,conf_016,2.308238719941107,0.2771352121712861,2397
clean,C0_poly3,STLSQ,conf_017,2.265145786687631,0.26293388804014867,2397
clean,C0_poly3,STLSQ,conf_018,2.185374893990934,0.2417521275714494,2397
clean,C0_poly3,STLSQ,conf_019,2.3057772142892166,0.2530635252228041,2397
clean,C0_poly3,STLSQ,conf_020,2.3582234834458493,0.2724414703264665,2397
clean,C0_poly3,STLSQ,conf_021,2.0699069929802807,0.24563194561712587,2397
clean,C0_poly3,STLSQ,conf_022,2.0155636690968852,0.23656198585917287,2397
clean,C0_poly3,STLSQ,conf_023,2.343328259075981,0.2575576725518308,2397
clean,C_all,STLSQ,conf_000,1.5285204928035807e-05,1.7331590096370169e-06,2067
clean,C_all,STLSQ,conf_001,1.1423147677802103e-05,1.2353452426658992e-06,2123
clean,C_all,STLSQ,conf_002,9.467291277263218e-06,1.2451320539038715e-06,2139
clean,C_all,STLSQ,conf_003,1.293621779974234e-05,1.6151123455003061e-06,2072
clean,C_all,STLSQ,conf_004,1.2349759953694517e-05,1.3730388452068086e-06,2092
clean,C_all,STLSQ,conf_005,1.2139536824990871e-05,1.397144581727135e-06,2027
clean,C_all,STLSQ,conf_006,1.3171964014666498e-05,1.4241822724679242e-06,2090
clean,C_all,STLSQ,conf_007,1.706087999847389e-05,2.131674967169532e-06,2047
clean,C_all,STLSQ,conf_008,1.1965148531875635e-05,1.3843433794885192e-06,2111
clean,C_all,STLSQ,conf_009,1.2797992907728567e-05,1.4338318391414436e-06,2099
clean,C_all,STLSQ,conf_010,1.8071590298565718e-05,2.139108106796798e-06,2085
clean,C_all,STLSQ,conf_011,1.2299143249985864e-05,1.3787664575703147e-06,2096
clean,C_all,STLSQ,conf_012,1.1624028811768222e-05,1.2475274247483209e-06,2115
clean,C_all,STLSQ,conf_013,1.1927440333824615e-05,1.3140853091501849e-06,2123
clean,C_all,STLSQ,conf_014,2.084607534649262e-05,2.5003832980232735e-06,2074
clean,C_all,STLSQ,conf_015,1.7642163245603848e-05,1.8517520401028646e-06,2077
clean,C_all,STLSQ,conf_016,1.3327324195419921e-05,1.5633833761819823e-06,2117
clean,C_all,STLSQ,conf_017,1.2664291723013348e-05,1.426954369653762e-06,2100
clean,C_all,STLSQ,conf_018,1.1561389701255246e-05,1.2290379274641491e-06,2133
clean,C_all,STLSQ,conf_019,1.1806603234636002e-05,1.2434745141181949e-06,2110
clean,C_all,STLSQ,conf_020,1.3526020819901625e-05,1.525447361966469e-06,2118
clean,C_all,STLSQ,conf_021,1.1674875498638991e-05,1.3384763765860139e-06,2120
clean,C_all,STLSQ,conf_022,1.0814026132333392e-05,1.2228391676019394e-06,2129
clean,C_all,STLSQ,conf_023,1.2945276068135587e-05,1.373568303052613e-06,2107
clean,C*_accuracy,STLSQ,conf_000,1.5285204928035807e-05,1.7331590096370169e-06,2067
clean,C*_accuracy,STLSQ,conf_001,1.1423147677802103e-05,1.2353452426658992e-06,2123
clean,C*_accuracy,STLSQ,conf_002,9.467291277263218e-06,1.2451320539038715e-06,2139
clean,C*_accuracy,STLSQ,conf_003,1.293621779974234e-05,1.6151123455003061e-06,2072
clean,C*_accuracy,STLSQ,conf_004,1.2349759953694517e-05,1.3730388452068086e-06,2092
clean,C*_accuracy,STLSQ,conf_005,1.2139536824990871e-05,1.397144581727135e-06,2027
clean,C*_accuracy,STLSQ,conf_006,1.3171964014666498e-05,1.4241822724679242e-06,2090
clean,C*_accuracy,STLSQ,conf_007,1.706087999847389e-05,2.131674967169532e-06,2047
clean,C*_accuracy,STLSQ,conf_008,1.1965148531875635e-05,1.3843433794885192e-06,2111
clean,C*_accuracy,STLSQ,conf_009,1.2797992907728567e-05,1.4338318391414436e-06,2099
clean,C*_accuracy,STLSQ,conf_010,1.8071590298565718e-05,2.139108106796798e-06,2085
clean,C*_accuracy,STLSQ,conf_011,1.2299143249985864e-05,1.3787664575703147e-06,2096
clean,C*_accuracy,STLSQ,conf_012,1.1624028811768222e-05,1.2475274247483209e-06,2115
clean,C*_accuracy,STLSQ,conf_013,1.1927440333824615e-05,1.3140853091501849e-06,2123
clean,C*_accuracy,STLSQ,conf_014,2.084607534649262e-05,2.5003832980232735e-06,2074
clean,C*_accuracy,STLSQ,conf_015,1.7642163245603848e-05,1.8517520401028646e-06,2077
clean,C*_accuracy,STLSQ,conf_016,1.3327324195419921e-05,1.5633833761819823e-06,2117
clean,C*_accuracy,STLSQ,conf_017,1.2664291723013348e-05,1.426954369653762e-06,2100
clean,C*_accuracy,STLSQ,conf_018,1.1561389701255246e-05,1.2290379274641491e-06,2133
clean,C*_accuracy,STLSQ,conf_019,1.1806603234636002e-05,1.2434745141181949e-06,2110
clean,C*_accuracy,STLSQ,conf_020,1.3526020819901625e-05,1.525447361966469e-06,2118
clean,C*_accuracy,STLSQ,conf_021,1.1674875498638991e-05,1.3384763765860139e-06,2120
clean,C*_accuracy,STLSQ,conf_022,1.0814026132333392e-05,1.2228391676019394e-06,2129
clean,C*_accuracy,STLSQ,conf_023,1.2945276068135587e-05,1.373568303052613e-06,2107
clean,C*_compact,STLSQ,conf_000,3.4755107708546565e-05,4.042440576275461e-06,2249
clean,C*_compact,STLSQ,conf_001,3.2614580502284835e-05,3.5862587281289973e-06,2261
clean,C*_compact,STLSQ,conf_002,2.313060943437524e-05,3.1203200580006612e-06,2324
clean,C*_compact,STLSQ,conf_003,2.9668826343598255e-05,3.8006508328573187e-06,2247
clean,C*_compact,STLSQ,conf_004,3.36329505996098e-05,3.824431549385336e-06,2256
clean,C*_compact,STLSQ,conf_005,3.1244129417804884e-05,3.6812751215207924e-06,2188
clean,C*_compact,STLSQ,conf_006,3.4475048689110053e-05,3.8079086698149338e-06,2257
clean,C*_compact,STLSQ,conf_007,3.2687113103101274e-05,4.19506303609983e-06,2225
clean,C*_compact,STLSQ,conf_008,3.064759453262785e-05,3.6245199251502653e-06,2263
clean,C*_compact,STLSQ,conf_009,3.2641109847552225e-05,3.7296744120722964e-06,2241
clean,C*_compact,STLSQ,conf_010,3.2840847147810096e-05,3.982633755731145e-06,2262
clean,C*_compact,STLSQ,conf_011,3.357984029380064e-05,3.846744094469283e-06,2249
clean,C*_compact,STLSQ,conf_012,3.357072726477319e-05,3.663731442096433e-06,2243
clean,C*_compact,STLSQ,conf_013,3.291883764200364e-05,3.701726078501026e-06,2287
clean,C*_compact,STLSQ,conf_014,3.328114655477448e-05,4.097803722999354e-06,2247
clean,C*_compact,STLSQ,conf_015,3.8180574726302164e-05,4.082479792356001e-06,2221
clean,C*_compact,STLSQ,conf_016,3.1635715390125277e-05,3.7951767847413357e-06,2286
clean,C*_compact,STLSQ,conf_017,3.1979070920875767e-05,3.687360128962236e-06,2272
clean,C*_compact,STLSQ,conf_018,3.3900542288892696e-05,3.6679630393233283e-06,2285
clean,C*_compact,STLSQ,conf_019,3.311536558911064e-05,3.5507583894370386e-06,2249
clean,C*_compact,STLSQ,conf_020,3.3986603543302646e-05,3.9227282646862955e-06,2286
clean,C*_compact,STLSQ,conf_021,3.0357506675960595e-05,3.5640999781252444e-06,2290
clean,C*_compact,STLSQ,conf_022,2.9831703284519894e-05,3.447473485271127e-06,2303
clean,C*_compact,STLSQ,conf_023,3.507343440905525e-05,3.786864305228573e-06,2246
clean,C*_robust,STLSQ,conf_000,1.5285204928035807e-05,1.7331590096370169e-06,2067
clean,C*_robust,STLSQ,conf_001,1.1423147677802103e-05,1.2353452426658992e-06,2123
clean,C*_robust,STLSQ,conf_002,9.467291277263218e-06,1.2451320539038715e-06,2139
clean,C*_robust,STLSQ,conf_003,1.293621779974234e-05,1.6151123455003061e-06,2072
clean,C*_robust,STLSQ,conf_004,1.2349759953694517e-05,1.3730388452068086e-06,2092
clean,C*_robust,STLSQ,conf_005,1.2139536824990871e-05,1.397144581727135e-06,2027
clean,C*_robust,STLSQ,conf_006,1.3171964014666498e-05,1.4241822724679242e-06,2090
clean,C*_robust,STLSQ,conf_007,1.706087999847389e-05,2.131674967169532e-06,2047
clean,C*_robust,STLSQ,conf_008,1.1965148531875635e-05,1.3843433794885192e-06,2111
clean,C*_robust,STLSQ,conf_009,1.2797992907728567e-05,1.4338318391414436e-06,2099
clean,C*_robust,STLSQ,conf_010,1.8071590298565718e-05,2.139108106796798e-06,2085
clean,C*_robust,STLSQ,conf_011,1.2299143249985864e-05,1.3787664575703147e-06,2096
clean,C*_robust,STLSQ,conf_012,1.1624028811768222e-05,1.2475274247483209e-06,2115
clean,C*_robust,STLSQ,conf_013,1.1927440333824615e-05,1.3140853091501849e-06,2123
clean,C*_robust,STLSQ,conf_014,2.084607534649262e-05,2.5003832980232735e-06,2074
clean,C*_robust,STLSQ,conf_015,1.7642163245603848e-05,1.8517520401028646e-06,2077
clean,C*_robust,STLSQ,conf_016,1.3327324195419921e-05,1.5633833761819823e-06,2117
clean,C*_robust,STLSQ,conf_017,1.2664291723013348e-05,1.426954369653762e-06,2100
clean,C*_robust,STLSQ,conf_018,1.1561389701255246e-05,1.2290379274641491e-06,2133
clean,C*_robust,STLSQ,conf_019,1.1806603234636002e-05,1.2434745141181949e-06,2110
clean,C*_robust,STLSQ,conf_020,1.3526020819901625e-05,1.525447361966469e-06,2118
clean,C*_robust,STLSQ,conf_021,1.1674875498638991e-05,1.3384763765860139e-06,2120
clean,C*_robust,STLSQ,conf_022,1.0814026132333392e-05,1.2228391676019394e-06,2129
clean,C*_robust,STLSQ,conf_023,1.2945276068135587e-05,1.373568303052613e-06,2107
noise_0.01,C0_matched,STLSQ,conf_000,8.681130808766548,1.0000006743002776,2397
noise_0.01,C0_matched,STLSQ,conf_001,8.883988156996205,1.000500449381864,2397
noise_0.01,C0_matched,STLSQ,conf_002,7.410591802607785,1.007864256973352,2397
noise_0.01,C0_matched,STLSQ,conf_003,7.96710133541846,1.0021835180152268,2397
noise_0.01,C0_matched,STLSQ,conf_004,8.699386426984963,1.0000045908620534,2397
noise_0.01,C0_matched,STLSQ,conf_005,8.597437658754647,1.0000042021801199,2397
noise_0.01,C0_matched,STLSQ,conf_006,8.940158463323911,1.0001075086422655,2397
noise_0.01,C0_matched,STLSQ,conf_007,8.08908212322839,1.0009172370775168,2397
noise_0.01,C0_matched,STLSQ,conf_008,8.385856810369024,1.0002709104228975,2397
noise_0.01,C0_matched,STLSQ,conf_009,8.645875712941926,1.0000189405816275,2397
noise_0.01,C0_matched,STLSQ,conf_010,8.356248891720279,1.0010575240102728,2397
noise_0.01,C0_matched,STLSQ,conf_011,8.616984317839675,1.0000441310434707,2397
noise_0.01,C0_matched,STLSQ,conf_012,8.93195886339964,1.0000222612284444,2397
noise_0.01,C0_matched,STLSQ,conf_013,8.775397357988865,1.0009234574506722,2397
noise_0.01,C0_matched,STLSQ,conf_014,8.275395534757081,1.0004540302414682,2397
noise_0.01,C0_matched,STLSQ,conf_015,9.243763802574575,1.0007880603662425,2397
noise_0.01,C0_matched,STLSQ,conf_016,8.332895131345198,1.0004765279586636,2397
noise_0.01,C0_matched,STLSQ,conf_017,8.614895450874803,1.0000009576735782,2397
noise_0.01,C0_matched,STLSQ,conf_018,9.045328007695343,1.0006188395660411,2397
noise_0.01,C0_matched,STLSQ,conf_019,9.14198288516561,1.003350367984149,2397
noise_0.01,C0_matched,STLSQ,conf_020,8.656354329101582,1.000053607150614,2397
noise_0.01,C0_matched,STLSQ,conf_021,8.429926157082601,1.0003633836665948,2397
noise_0.01,C0_matched,STLSQ,conf_022,8.520369465583794,1.0000158029914734,2397
noise_0.01,C0_matched,STLSQ,conf_023,9.102683509249017,1.0004855143694533,2397
noise_0.01,C0_poly2,STLSQ,conf_000,3.322657259096113,0.38274501015575907,2397
noise_0.01,C0_poly2,STLSQ,conf_001,2.8191436574635675,0.3174874219010664,2397
noise_0.01,C0_poly2,STLSQ,conf_002,2.245602868711643,0.30540919362672847,2397
noise_0.01,C0_poly2,STLSQ,conf_003,2.864392938608899,0.3603126496497943,2397
noise_0.01,C0_poly2,STLSQ,conf_004,3.0337315283460615,0.3487309687012549,2397
noise_0.01,C0_poly2,STLSQ,conf_005,3.06396374477338,0.3563825341589902,2397
noise_0.01,C0_poly2,STLSQ,conf_006,3.1418673944981386,0.35147085874221085,2397
noise_0.01,C0_poly2,STLSQ,conf_007,3.282888541959595,0.4062141636089877,2397
noise_0.01,C0_poly2,STLSQ,conf_008,2.8279765173336764,0.3373230320544254,2397
noise_0.01,C0_poly2,STLSQ,conf_009,2.9720151920448066,0.3437559805876327,2397
noise_0.01,C0_poly2,STLSQ,conf_010,3.1204227614376743,0.3738187701093024,2397
noise_0.01,C0_poly2,STLSQ,conf_011,3.0015762804698505,0.34834794081599413,2397
noise_0.01,C0_poly2,STLSQ,conf_012,2.933655163380327,0.3284520803347584,2397
noise_0.01,C0_poly2,STLSQ,conf_013,2.9760249177167157,0.3394459565285189,2397
noise_0.01,C0_poly2,STLSQ,conf_014,3.1847685423883045,0.3850226264395898,2397
noise_0.01,C0_poly2,STLSQ,conf_015,3.39283243179964,0.36732939753639376,2397
noise_0.01,C0_poly2,STLSQ,conf_016,2.913519501592792,0.3498073393637983,2397
noise_0.01,C0_poly2,STLSQ,conf_017,2.975628414183465,0.34540538313346725,2397
noise_0.01,C0_poly2,STLSQ,conf_018,2.9429591230331575,0.3255581599776648,2397
noise_0.01,C0_poly2,STLSQ,conf_019,3.0940334940867147,0.339576182086776,2397
noise_0.01,C0_poly2,STLSQ,conf_020,3.135707430482418,0.3622628427166508,2397
noise_0.01,C0_poly2,STLSQ,conf_021,2.8105337707163844,0.3335207237160532,2397
noise_0.01,C0_poly2,STLSQ,conf_022,2.7372623812472177,0.3212660729371007,2397
noise_0.01,C0_poly2,STLSQ,conf_023,3.0987882159077476,0.3405910706402492,2397
noise_0.01,C0_poly3,STLSQ,conf_000,3.3017401956629104,0.3803355224981763,2397
noise_0.01,C0_poly3,STLSQ,conf_001,2.8296881564599867,0.3186749264089507,2397
noise_0.01,C0_poly3,STLSQ,conf_002,2.2495167734257016,0.30594149722292857,2397
noise_0.01,C0_poly3,STLSQ,conf_003,2.8577480321505284,0.3594767853308949,2397
noise_0.01,C0_poly3,STLSQ,conf_004,3.043874318910833,0.3498968942770474,2397
noise_0.01,C0_poly3,STLSQ,conf_005,3.0368330667122634,0.3532268506697955,2397
noise_0.01,C0_poly3,STLSQ,conf_006,3.1218002117867685,0.349226005903274,2397
noise_0.01,C0_poly3,STLSQ,conf_007,3.280540290103614,0.4059235984096431,2397
noise_0.01,C0_poly3,STLSQ,conf_008,2.8246095556676356,0.3369214184939738,2397
noise_0.01,C0_poly3,STLSQ,conf_009,2.9610315978273847,0.34248557113256234,2397
noise_0.01,C0_poly3,STLSQ,conf_010,3.1344481827479687,0.3754989801786789,2397
noise_0.01,C0_poly3,STLSQ,conf_011,3.036811869365796,0.35243720715088805,2397
noise_0.01,C0_poly3,STLSQ,conf_012,2.9235940873368613,0.32732564209548193,2397
noise_0.01,C0_poly3,STLSQ,conf_013,2.9869660274723238,0.3406939015454999,2397
noise_0.01,C0_poly3,STLSQ,conf_014,3.2110931770045745,0.3882051434184903,2397
noise_0.01,C0_poly3,STLSQ,conf_015,3.4300304691973404,0.37135669123317855,2397
noise_0.01,C0_poly3,STLSQ,conf_016,2.9432610264279444,0.35337821083574805,2397
noise_0.01,C0_poly3,STLSQ,conf_017,2.9696728592619266,0.34471407345258065,2397
noise_0.01,C0_poly3,STLSQ,conf_018,2.9565894260507304,0.32706598125034547,2397
noise_0.01,C0_poly3,STLSQ,conf_019,3.0928057519071,0.3394414349992809,2397
noise_0.01,C0_poly3,STLSQ,conf_020,3.10829521034192,0.35909595645145365,2397
noise_0.01,C0_poly3,STLSQ,conf_021,2.7963941832050994,0.33184280562485435,2397
noise_0.01,C0_poly3,STLSQ,conf_022,2.715832641780614,0.3187509146206502,2397
noise_0.01,C0_poly3,STLSQ,conf_023,3.0802323167174968,0.3385515722519901,2397
noise_0.01,C_all,STLSQ,conf_000,2.489100622704337,0.2835688987444018,2032
noise_0.01,C_all,STLSQ,conf_001,1.8378414210979106,0.19923551097230008,2059
noise_0.01,C_all,STLSQ,conf_002,1.540147251061554,0.20333293905895383,2094
noise_0.01,C_all,STLSQ,conf_003,2.247587040495966,0.2822590318540325,2050
noise_0.01,C_all,STLSQ,conf_004,2.319666190111317,0.2598139172817195,2056
noise_0.01,C_all,STLSQ,conf_005,2.163942278640746,0.251084857348604,2010
noise_0.01,C_all,STLSQ,conf_006,2.477635520894754,0.27000127788797895,2075
noise_0.01,C_all,STLSQ,conf_007,2.571132985894416,0.32338770763852165,2024
noise_0.01,C_all,STLSQ,conf_008,2.2261458678017547,0.25908806424133474,2068
noise_0.01,C_all,STLSQ,conf_009,2.0868661391520233,0.23595883460075903,2077
noise_0.01,C_all,STLSQ,conf_010,2.430530530533662,0.2885843506585365,2055
noise_0.01,C_all,STLSQ,conf_011,2.303320556716992,0.2604110623925208,2056
noise_0.01,C_all,STLSQ,conf_012,1.9890218040334373,0.21333967198425163,2045
noise_0.01,C_all,STLSQ,conf_013,2.23491874527907,0.24559559887358756,2077
noise_0.01,C_all,STLSQ,conf_014,2.5100178828296755,0.3037905407972379,2030
noise_0.01,C_all,STLSQ,conf_015,2.5672141200908727,0.26920774328628344,2008
noise_0.01,C_all,STLSQ,conf_016,2.248102145603624,0.26534118185125183,2080
noise_0.01,C_all,STLSQ,conf_017,2.3151181877555733,0.2611877428866296,2067
noise_0.01,C_all,STLSQ,conf_018,2.028928625059933,0.21640636925159426,2099
noise_0.01,C_all,STLSQ,conf_019,2.115473400802345,0.22299371990219874,2062
noise_0.01,C_all,STLSQ,conf_020,2.4720528887129887,0.28015608240764217,2095
noise_0.01,C_all,STLSQ,conf_021,2.027700531604974,0.2339531794445472,2092
noise_0.01,C_all,STLSQ,conf_022,2.052484535698657,0.23270268739031688,2107
noise_0.01,C_all,STLSQ,conf_023,2.3479883316888728,0.24922310884867316,2068
noise_0.01,C*_accuracy,STLSQ,conf_000,2.489100622704337,0.2835688987444018,2032
noise_0.01,C*_accuracy,STLSQ,conf_001,1.8378414210979106,0.19923551097230008,2059
noise_0.01,C*_accuracy,STLSQ,conf_002,1.540147251061554,0.20333293905895383,2094
noise_0.01,C*_accuracy,STLSQ,conf_003,2.247587040495966,0.2822590318540325,2050
noise_0.01,C*_accuracy,STLSQ,conf_004,2.319666190111317,0.2598139172817195,2056
noise_0.01,C*_accuracy,STLSQ,conf_005,2.163942278640746,0.251084857348604,2010
noise_0.01,C*_accuracy,STLSQ,conf_006,2.477635520894754,0.27000127788797895,2075
noise_0.01,C*_accuracy,STLSQ,conf_007,2.571132985894416,0.32338770763852165,2024
noise_0.01,C*_accuracy,STLSQ,conf_008,2.2261458678017547,0.25908806424133474,2068
noise_0.01,C*_accuracy,STLSQ,conf_009,2.0868661391520233,0.23595883460075903,2077
noise_0.01,C*_accuracy,STLSQ,conf_010,2.430530530533662,0.2885843506585365,2055
noise_0.01,C*_accuracy,STLSQ,conf_011,2.303320556716992,0.2604110623925208,2056
noise_0.01,C*_accuracy,STLSQ,conf_012,1.9890218040334373,0.21333967198425163,2045
noise_0.01,C*_accuracy,STLSQ,conf_013,2.23491874527907,0.24559559887358756,2077
noise_0.01,C*_accuracy,STLSQ,conf_014,2.5100178828296755,0.3037905407972379,2030
noise_0.01,C*_accuracy,STLSQ,conf_015,2.5672141200908727,0.26920774328628344,2008
noise_0.01,C*_accuracy,STLSQ,conf_016,2.248102145603624,0.26534118185125183,2080
noise_0.01,C*_accuracy,STLSQ,conf_017,2.3151181877555733,0.2611877428866296,2067
noise_0.01,C*_accuracy,STLSQ,conf_018,2.028928625059933,0.21640636925159426,2099
noise_0.01,C*_accuracy,STLSQ,conf_019,2.115473400802345,0.22299371990219874,2062
noise_0.01,C*_accuracy,STLSQ,conf_020,2.4720528887129887,0.28015608240764217,2095
noise_0.01,C*_accuracy,STLSQ,conf_021,2.027700531604974,0.2339531794445472,2092
noise_0.01,C*_accuracy,STLSQ,conf_022,2.052484535698657,0.23270268739031688,2107
noise_0.01,C*_accuracy,STLSQ,conf_023,2.3479883316888728,0.24922310884867316,2068
noise_0.01,C*_compact,STLSQ,conf_000,5.401725293656698,0.6280654493262722,2250
noise_0.01,C*_compact,STLSQ,conf_001,5.335825786064344,0.5865228520670597,2259
noise_0.01,C*_compact,STLSQ,conf_002,3.9809276902870208,0.5369535982792326,2327
noise_0.01,C*_compact,STLSQ,conf_003,4.297882634277078,0.550131135727854,2253
noise_0.01,C*_compact,STLSQ,conf_004,5.371877361224882,0.6119187707077828,2260
noise_0.01,C*_compact,STLSQ,conf_005,4.58664384895515,0.5402796235808145,2192
noise_0.01,C*_compact,STLSQ,conf_006,5.4337239832317366,0.6004340598393342,2260
noise_0.01,C*_compact,STLSQ,conf_007,4.412929077407917,0.5646651739379597,2225
noise_0.01,C*_compact,STLSQ,conf_008,4.922800262525935,0.5820143600232314,2269
noise_0.01,C*_compact,STLSQ,conf_009,5.040249320341539,0.5763308598512942,2247
noise_0.01,C*_compact,STLSQ,conf_010,4.81319572163903,0.5830085664181607,2262
noise_0.01,C*_compact,STLSQ,conf_011,4.894785331351677,0.5609450764826149,2251
noise_0.01,C*_compact,STLSQ,conf_012,5.583112920427635,0.6092060827617035,2246
noise_0.01,C*_compact,STLSQ,conf_013,5.266733804440081,0.5920146757946186,2288
noise_0.01,C*_compact,STLSQ,conf_014,4.723456678522918,0.5806625662605265,2250
noise_0.01,C*_compact,STLSQ,conf_015,5.601999550059016,0.5988741155563689,2222
noise_0.01,C*_compact,STLSQ,conf_016,5.124205182530046,0.6148914355478537,2286
noise_0.01,C*_compact,STLSQ,conf_017,4.899137370645877,0.5646829125275369,2275
noise_0.01,C*_compact,STLSQ,conf_018,5.9805515466468355,0.6473021098945848,2286
noise_0.01,C*_compact,STLSQ,conf_019,5.654128309310841,0.6064640930303294,2251
noise_0.01,C*_compact,STLSQ,conf_020,5.211295450624897,0.6017804793372957,2288
noise_0.01,C*_compact,STLSQ,conf_021,5.013111425125829,0.5887221296570085,2291
noise_0.01,C*_compact,STLSQ,conf_022,4.94501903650141,0.5718605529707417,2305
noise_0.01,C*_compact,STLSQ,conf_023,5.846784104029545,0.6307235661163875,2251
noise_0.01,C*_robust,STLSQ,conf_000,2.489100622704337,0.2835688987444018,2032
noise_0.01,C*_robust,STLSQ,conf_001,1.8378414210979106,0.19923551097230008,2059
noise_0.01,C*_robust,STLSQ,conf_002,1.540147251061554,0.20333293905895383,2094
noise_0.01,C*_robust,STLSQ,conf_003,2.247587040495966,0.2822590318540325,2050
noise_0.01,C*_robust,STLSQ,conf_004,2.319666190111317,0.2598139172817195,2056
noise_0.01,C*_robust,STLSQ,conf_005,2.163942278640746,0.251084857348604,2010
noise_0.01,C*_robust,STLSQ,conf_006,2.477635520894754,0.27000127788797895,2075
noise_0.01,C*_robust,STLSQ,conf_007,2.571132985894416,0.32338770763852165,2024
noise_0.01,C*_robust,STLSQ,conf_008,2.2261458678017547,0.25908806424133474,2068
noise_0.01,C*_robust,STLSQ,conf_009,2.0868661391520233,0.23595883460075903,2077
noise_0.01,C*_robust,STLSQ,conf_010,2.430530530533662,0.2885843506585365,2055
noise_0.01,C*_robust,STLSQ,conf_011,2.303320556716992,0.2604110623925208,2056
noise_0.01,C*_robust,STLSQ,conf_012,1.9890218040334373,0.21333967198425163,2045
noise_0.01,C*_robust,STLSQ,conf_013,2.23491874527907,0.24559559887358756,2077
noise_0.01,C*_robust,STLSQ,conf_014,2.5100178828296755,0.3037905407972379,2030
noise_0.01,C*_robust,STLSQ,conf_015,2.5672141200908727,0.26920774328628344,2008
noise_0.01,C*_robust,STLSQ,conf_016,2.248102145603624,0.26534118185125183,2080
noise_0.01,C*_robust,STLSQ,conf_017,2.3151181877555733,0.2611877428866296,2067
noise_0.01,C*_robust,STLSQ,conf_018,2.028928625059933,0.21640636925159426,2099
noise_0.01,C*_robust,STLSQ,conf_019,2.115473400802345,0.22299371990219874,2062
noise_0.01,C*_robust,STLSQ,conf_020,2.4720528887129887,0.28015608240764217,2095
noise_0.01,C*_robust,STLSQ,conf_021,2.027700531604974,0.2339531794445472,2092
noise_0.01,C*_robust,STLSQ,conf_022,2.052484535698657,0.23270268739031688,2107
noise_0.01,C*_robust,STLSQ,conf_023,2.3479883316888728,0.24922310884867316,2068
